"","player","GP","PVGS","GSpg","position","Z_val"
"5","James Harden",58,6.70336984676054,0.115575342185527,"PG",1.5081507512524
"15","Marcus Smart",61,3.37185041277864,0.0552762362750597,"PG",0.25669814221656
"18","Malcolm Brogdon",67,4.54263163504424,0.0678004721648394,"PG",0.696490628572625
"24","Russell Westbrook",73,5.18836110527916,0.0710734397983446,"PG",0.939052572535523
"25","Patrick Beverley",67,2.07201140459852,0.0309255433522167,"PG",-0.231573635976049
"32","Scotty Pippen Jr.",6,0.0229797323811823,0.00382995539686372,"PG",-1.0012722924022
"38","Stephen Curry",55,7.3053394191583,0.132824353075605,"PG",1.73427471866896
"39","Jordan Poole",81,5.84394819151037,0.072147508537165,"PG",1.18531743329116
"45","Ryan Rollins",12,-0.0409497864299276,-0.00341248220249397,"PG",-1.02528678929947
"59","Cade Cunningham",12,0.880887650354524,0.0734073041962104,"PG",-0.679007595006443
"61","Killian Hayes",75,3.25744523602964,0.0434326031470618,"PG",0.213722959340731
"64","Cory Joseph",62,1.96765060316935,0.0317363000511185,"PG",-0.27077574775047
"70","Monte Morris",62,3.50384653976138,0.0565136538671191,"PG",0.306281193064245
"72","Delon Wright",50,2.56362084893764,0.0512724169787528,"PG",-0.0469053685574445
"80","Tyrese Haliburton",56,6.6305779454181,0.118403177596752,"PG",1.480807187255
"83","T.J. McConnell",75,3.62785845835265,0.0483714461113687,"PG",0.352865054316733
"91","Kevin Porter Jr.",59,4.81667384949748,0.0816385398219912,"PG",0.799431899382974
"101","Trae Young",73,8.65933678565547,0.118621051858294,"PG",2.2428905531278
"103","Aaron Holiday",63,0.905693431013835,0.0143760862065688,"PG",-0.669689546728345
"110","CJ McCollum",75,6.32204524531371,0.0842939366041828,"PG",1.3649099036972
"111","Jose Alvarado",61,2.16590963071732,0.035506715257661,"PG",-0.196301688028936
"114","Devonte' Graham",72,2.30597083642582,0.0320273727281364,"PG",-0.143689069437931
"116","Dyson Daniels",59,1.09935539505198,0.0186331422890167,"PG",-0.596942328838976
"120","Kyrie Irving",60,7.26105543234135,0.121017590539022,"PG",1.71763987323619
"121","Ben Simmons",42,1.95718244269103,0.0465995819688342,"PG",-0.274708009591347
"123","Patty Mills",40,0.784538983156488,0.0196134745789122,"PG",-0.715200027117816
"132","Alex Caruso",66,2.16298245998497,0.0327724615149239,"PG",-0.197401251012936
"137","Goran Dragic",57,1.18240077170952,0.0207438731878864,"PG",-0.565747147377218
"142","Kyle Lowry",55,2.97546058734368,0.0540992834062488,"PG",0.107798190988318
"144","Gabe Vincent",68,2.16684633451973,0.031865387272349,"PG",-0.195949824430164
"152","Darius Garland",69,6.67487310257092,0.0967372913416076,"PG",1.49744622871492
"157","Raul Neto",48,0.680719026210909,0.0141816463793939,"PG",-0.754198975965082
"162","Fred VanVleet",69,6.23972747246331,0.0904308329342508,"PG",1.33398803947127
"165","Dalano Banton",31,0.47765383515784,0.0154081882308981,"PG",-0.830478423881731
"172","Jalen Brunson",68,7.21237789684191,0.10606438083591,"PG",1.69935463432062
"177","Derrick Rose",27,0.433963637319108,0.0160727273081151,"PG",-0.846890218307082
"182","Ja Morant",61,7.09036761551645,0.116235534680597,"PG",1.6535226684805
"184","Tyus Jones",80,4.45386573175093,0.0556733216468866,"PG",0.663146587371261
"192","Shai Gilgeous-Alexander",68,9.82804667065683,0.144530098097895,"PG",2.68190496195051
"193","Tre Mann",67,1.64945263156014,0.0246186959934349,"PG",-0.39030369577877
"205","D'Angelo Russell",70,5.63462721450586,0.0804946744929409,"PG",1.10668806072132
"207","Jordan McLaughlin",42,0.941243264960446,0.0224105539276297,"PG",-0.656335600180868
"218","Dennis Smith Jr.",54,2.30222960638412,0.0426338815997059,"PG",-0.145094425819448
"226","Theo Maledon",44,1.38025276960281,0.0313693811273367,"PG",-0.491425984354442
"231","Tre Jones",65,4.34277241471721,0.0668118833033417,"PG",0.62141547212391
"244","Jamal Murray",65,5.7590935220785,0.0886014388012077,"PG",1.15344260873927
"247","Bones Hyland",56,2.38880711308809,0.042657269876573,"PG",-0.112572434339121
"250","Ish Smith",43,0.280267396581786,0.00651784643213456,"PG",-0.904624704111906
"259","Mike Conley",66,4.21464016226923,0.0638581842768065,"PG",0.573283847858998
"260","Collin Sexton",48,2.6658461982721,0.055538462464002,"PG",-0.00850541842378932
"272","Spencer Dinwiddie",79,6.28422055927553,0.0795470956870321,"PG",1.35070143126699
"273","Luka Doncic",66,9.95964135315283,0.150903656865952,"PG",2.73133721411301
"282","Chris Paul",59,4.83825131875901,0.0820042596399833,"PG",0.807537264138857
"285","Cameron Payne",48,1.897448542903,0.0395301779771459,"PG",-0.297146463341645
"294","Damian Lillard",58,8.44455174133715,0.145595719678227,"PG",2.16220865724801
"303","De'Aaron Fox",73,8.04078266682481,0.110147707764723,"PG",2.01053676345914
"306","Davion Mitchell",80,1.75967894478987,0.0219959868098733,"PG",-0.348898262009207
"312","Jevon Carter",81,2.65467835982632,0.032773806911436,"PG",-0.012700507432638
"313","Jrue Holiday",67,6.24125796524394,0.0931531039588647,"PG",1.33456295407746
"315","George Hill",46,1.13118075446069,0.0245908859665367,"PG",-0.584987444632305
"324","Reggie Jackson",68,2.40599661883507,0.0353823032181628,"PG",-0.106115365052454
"325","John Wall",34,1.5143731783444,0.0445403875983648,"PG",-0.441044967893132
"335","Cole Anthony",60,3.50717515498047,0.0584529192496746,"PG",0.307531554733433
"341","Miles McBride",64,0.666077587381255,0.0104074623028321,"PG",-0.759698888898656
"343","Ryan Arcidiacono",20,-0.000320574152455531,-1.60287076227766e-05,"PG",-1.01002482408652
"348","Payton Pritchard",48,0.845546916403188,0.0176155607583997,"PG",-0.692282995190971
"350","Malachi Flynn",53,0.704763692055483,0.0132974281519902,"PG",-0.745166833004228
"360","Daishen Nix",57,0.591417863601935,0.0103757519930164,"PG",-0.78774408208003
"361","Trevor Hudgins",5,0.00186782243688576,0.000373564487377152,"PG",-1.00920277436548
"367","Kennedy Chandler",36,0.300908162040911,0.00835856005669198,"PG",-0.896871202954794
"373","McKinley Wright IV",27,0.489106058765252,0.0181150392135279,"PG",-0.826176508375379
"383","Vit Krejci",29,0.054827432461622,0.00189060111936628,"PG",-0.989309016141244
"391","Jason Preston",14,0.139729461220179,0.00998067580144139,"PG",-0.957416401522652
"408","Jordan Goodwin",62,2.10730477922317,0.033988786761664,"PG",-0.218316025858223
"409","Facundo Campazzo",8,0.0250454844774749,0.00313068555968436,"PG",-1.00049631288241
"421","Matthew Dellavedova",32,0.0881944549868247,0.00275607671833827,"PG",-0.976775021301234
"437","Jeff Dowtin Jr.",25,0.253883763815155,0.0101553505526062,"PG",-0.914535457062904
"453","LaMelo Ball",36,3.55131415663264,0.0986476154620179,"PG",0.324111937910674
"455","TyTy Washington Jr.",31,0.400933944450161,0.0129333530467794,"PG",-0.859297498569317
"463","Dennis Schroder",66,3.42106879276168,0.0518343756479042,"PG",0.275186544059278
"471","Devon Dotson",6,0.00679663043503136,0.00113277173917189,"PG",-1.00735131596911
"472","Saben Lee",25,0.653066945153546,0.0261226778061418,"PG",-0.764586209079057
"475","Markelle Fultz",60,4.15090298794959,0.0691817164658265,"PG",0.549341603283961
"484","Kemba Walker",9,0.284108930444806,0.0315676589383118,"PG",-0.903181669583415
"486","Kira Lewis Jr.",25,0.404926048645897,0.0161970419458359,"PG",-0.857797903771719
"495","Ricky Rubio",33,0.75663044277716,0.0229281952356715,"PG",-0.725683596661442
"503","Jamaree Bouyea",5,0.0438240126676476,0.00876480253352951,"PG",-0.993442342895705
"504","Quenton Jackson",9,0.213382781198665,0.0237091979109628,"PG",-0.929749254061033
"506","Carlik Jones",6,0.0577434328580993,0.00962390547634988,"PG",-0.988213649184384
"507","Kris Dunn",22,1.54333548185126,0.0701516128114207,"PG",-0.430165562563049
"512","Frank Jackson",1,-0.00705867492492922,-0.00705867492492922,"PG",-1.01255592557302
"513","Jared Butler",6,0.126671459665779,0.0211119099442966,"PG",-0.962321511769755
"516","Lindell Wigginton",7,0.143587750587,0.0205125357981428,"PG",-0.95596707295345
"527","Skylar Mays",5,0.453196554490652,0.0906393108981304,"PG",-0.839665561554913
"531","Michael Carter-Williams",4,0.0466870685695006,0.0116717671423752,"PG",-0.992366864019117
"538","Jacob Gilyard",1,0.038493760182755,0.038493760182755,"PG",-0.995444599977263
"4","Tyrese Maxey",60,4.95586246623406,0.0825977077705677,"SG",1.49506393416175
"7","De'Anthony Melton",77,3.61673797923356,0.0469706231069293,"SG",0.820785782294069
"10","Matisse Thybulle",71,1.39285638217584,0.0196176955236034,"SG",-0.298986716673051
"14","Derrick White",82,4.96180326320098,0.0605097958926948,"SG",1.49805525396686
"21","Lonnie Walker IV",56,2.28091976678041,0.0407307101210788,"SG",0.148172411193975
"26","Austin Reaves",64,3.9266729424576,0.0613542647259,"SG",0.976844741883391
"27","Kendrick Nunn",70,1.45505747854692,0.0207865354078131,"SG",-0.267667118896766
"33","Max Christie",41,0.398076473716242,0.00970918228576199,"SG",-0.799879923169234
"43","Donte DiVincenzo",71,3.34681609863704,0.0471382549103808,"SG",0.6848742755118
"44","Moses Moody",62,0.991270119084904,0.0159882277271759,"SG",-0.501194088669456
"49","Terrence Ross",63,1.83652147999059,0.0291511346030253,"SG",-0.0755917409954767
"50","Jalen Suggs",53,2.13307228233985,0.0402466468366009,"SG",0.0737280040200259
"55","R.J. Hampton",47,1.04740218882808,0.022285152953789,"SG",-0.4729303771069
"60","Jaden Ivey",73,4.22216998167933,0.0578379449545113,"SG",1.12563389436547
"69","Bradley Beal",50,4.88439754284492,0.0976879508568984,"SG",1.45907979905409
"74","Will Barton",56,1.34289922804981,0.0239803433580323,"SG",-0.324141224624826
"82","Bennedict Mathurin",78,4.56328357083923,0.0585036355235799,"SG",1.29739196667947
"87","Eric Gordon",69,3.29200542167921,0.0477102235025973,"SG",0.657275913805699
"90","Jalen Green",76,5.86006159345809,0.0771060735981328,"SG",1.95034775754295
"95","Garrison Mathews",54,0.777421778569001,0.0143966996031297,"SG",-0.608871354840587
"96","Josh Christopher",64,1.12340006089656,0.0175531259515087,"SG",-0.43466380426647
"100","Dejounte Murray",74,6.8361744478847,0.0923807357822257,"SG",2.44184169846199
"124","Edmond Sumner",53,1.35328651819383,0.0255337078904496,"SG",-0.318910999302824
"126","Cam Thomas",57,2.02512082120168,0.0355284354596786,"SG",0.0193721077502945
"133","Ayo Dosunmu",79,2.76649369549923,0.035018907537965,"SG",0.392669389951358
"135","Coby White",73,2.89395687380264,0.0396432448466115,"SG",0.456849857960057
"141","Tyler Herro",67,5.31762240602102,0.0793674985973287,"SG",1.67721789071114
"148","Donovan Mitchell",68,7.98976616440331,0.117496561241225,"SG",3.02270008629292
"151","Caris LeVert",74,3.83330997565447,0.0518014861574928,"SG",0.929834468141098
"161","Gary Trent Jr.",66,4.47776541243072,0.0678449304913745,"SG",1.25433172369043
"168","RJ Barrett",73,4.76640170638692,0.0652931740600948,"SG",1.39966634249548
"171","Evan Fournier",27,0.408789923180651,0.0151403675252093,"SG",-0.794485469572788
"173","Immanuel Quickley",81,5.29492147363354,0.065369400909056,"SG",1.66578748010742
"178","Desmond Bane",58,5.29064498427617,0.0912180169702788,"SG",1.66363417519189
"195","Jalen Williams",75,4.97165529402933,0.0662887372537244,"SG",1.50301596464281
"200","Isaiah Joe",73,2.74830895628728,0.0376480678943463,"SG",0.383512980321738
"204","Anthony Edwards",78,7.52419185283871,0.0964639981133168,"SG",2.78827334747492
"208","Jaylen Nowell",65,2.49969691529446,0.0384568756199148,"SG",0.258331438829527
"210","Bryn Forbes",25,0.174167002376707,0.00696668009506829,"SG",-0.912623186387923
"211","Austin Rivers",52,0.936587671788065,0.0180113013805397,"SG",-0.528727883966936
"216","Terry Rozier",63,5.11749555603617,0.0812300881910503,"SG",1.57644969189406
"222","James Bouknight",34,0.434300966975364,0.0127735578522166,"SG",-0.781640107077293
"223","Bryce McGowens",46,0.740388811168452,0.0160954089384446,"SG",-0.627518255154501
"230","Devin Vassell",38,2.81974595383676,0.074203840890441,"SG",0.419483054164932
"232","Joshua Primo",4,0.0898420070925699,0.0224605017731425,"SG",-0.955082645929132
"235","Josh Richardson",64,2.6284285418886,0.0410691959670094,"SG",0.323150597996156
"237","Romeo Langford",40,1.09441541671797,0.0273603854179493,"SG",-0.449258199708417
"243","Kentavious Caldwell-Pope",76,3.74906585070462,0.0493298138250608,"SG",0.887415728562878
"246","Davon Reed",43,0.148405084427963,0.00345128103320845,"SG",-0.925594869447767
"251","Christian Braun",76,1.42948790508965,0.0188090513827585,"SG",-0.280541952343678
"252","Peyton Watson",23,0.251218637572709,0.010922549459683,"SG",-0.873826021014065
"258","Jordan Clarkson",61,4.59577241922458,0.0753405314626981,"SG",1.31375080475483
"263","Malik Beasley",81,3.43026850494925,0.0423489938882624,"SG",0.726894367626725
"264","Talen Horton-Tucker",65,2.68550290060212,0.0413154292400326,"SG",0.351888772442197
"266","Ochai Agbaji",59,1.54648850808267,0.0262116696285199,"SG",-0.221629617367077
"267","Nickeil Alexander-Walker",58,1.25086323919996,0.0215666075724132,"SG",-0.370483336257771
"277","Josh Green",60,2.17776329881148,0.0362960549801913,"SG",0.0962308977271508
"281","Devin Booker",53,6.13389470791606,0.115733862413511,"SG",2.08822865519606
"286","Damion Lee",74,2.20660854299322,0.0298190343647732,"SG",0.110755102254692
"287","Josh Okogie",72,2.34000134792767,0.0325000187212176,"SG",0.177921265562715
"293","Anfernee Simons",62,4.82546653203038,0.0778301053553287,"SG",1.42940676010554
"297","Shaedon Sharpe",80,2.77382000008199,0.0346727500010249,"SG",0.396358342817233
"302","Kevin Huerter",75,4.81461926773705,0.0641949235698274,"SG",1.42394492784758
"304","Malik Monk",77,4.23649084635653,0.0550193616409938,"SG",1.13284475956988
"305","Terence Davis",64,1.42548463055804,0.0222731973524694,"SG",-0.282557687683291
"309","Grayson Allen",72,3.35594052565826,0.0466102850785869,"SG",0.689468621928765
"323","Norman Powell",60,3.83922843194965,0.0639871405324941,"SG",0.932814538934638
"328","Luke Kennard",58,2.28311933370562,0.0393641264432004,"SG",0.149279940729605
"329","Terance Mann",81,3.24745939037236,0.040092091239165,"SG",0.634846023265873
"333","Andrew Nembhard",75,3.00990371366814,0.0401320495155752,"SG",0.51523160040323
"336","Kevon Harris",34,0.456477810383052,0.0134258179524427,"SG",-0.770473586613845
"339","Rodney McGruder",32,0.688167975286718,0.0215052492277099,"SG",-0.653812575846216
"345","Trevor Keels",3,-0.0067910452670979,-0.0022636817556993,"SG",-1.00373947849916
"354","Zach LaVine",76,7.64679592314239,0.100615735830821,"SG",2.8500071494764
"356","Dalen Terry",37,0.247697677862144,0.006694531834112,"SG",-0.87559890040615
"364","AJ Green",35,0.457810373504276,0.0130802963858364,"SG",-0.769802612251605
"369","Vince Williams Jr.",15,0.00979908633373347,0.000653272422248898,"SG",-0.995385988301915
"371","Theo Pinson",40,0.304440292087343,0.00761100730218356,"SG",-0.847027766487446
"372","Jaden Hardy",48,1.37419491331079,0.0286290606939747,"SG",-0.308383169997306
"375","Aaron Wiggins",70,2.01427355690836,0.0287753365272622,"SG",0.0139102754923345
"376","Lindy Waters III",41,0.763095328723869,0.0186120811883871,"SG",-0.616085032297892
"382","Tyrese Martin",16,0.0075354045780342,0.000470962786127137,"SG",-0.996525801041855
"384","Trent Forrest",23,0.167905631257339,0.00730024483727559,"SG",-0.915775922214584
"386","Wendell Moore Jr.",28,0.0888579439634695,0.00317349799869534,"SG",-0.955578143005357
"389","Landry Shamet",40,1.23706646350256,0.0309266615875641,"SG",-0.377430311321916
"390","Duane Washington Jr.",31,0.577749317565515,0.0186370747601779,"SG",-0.709410758974605
"394","Shake Milton",76,2.6803817481125,0.0352681808962171,"SG",0.349310161364845
"395","Furkan Korkmaz",37,0.359780643192893,0.0097238011673755,"SG",-0.819162702388185
"396","Jaden Springer",16,0.139997090878011,0.00874981817987567,"SG",-0.929828476111533
"402","Keon Johnson",40,0.4578800735027,0.0114470018375675,"SG",-0.769767516794402
"405","Johnny Davis",28,0.390942513624954,0.0139622326294627,"SG",-0.803472026422178
"410","Ty Jerome",45,1.45171210782403,0.0322602690627561,"SG",-0.269351585434597
"415","Dru Smith",15,0.19200882676447,0.0128005884509647,"SG",-0.903639441791426
"417","David Duke Jr.",23,0.197874338565026,0.00860323211152286,"SG",-0.900686029696412
"427","Blake Wesley",34,0.298243035798465,0.0087718539940725,"SG",-0.850148219109796
"430","Garrett Temple",25,0.134608308730561,0.00538433234922242,"SG",-0.932541844511911
"431","Dereon Seabron",5,-0.0137159053631115,-0.00274318107262229,"SG",-1.0072262953805
"432","Seth Curry",61,2.01906296490965,0.0330993928673714,"SG",0.0163218460423496
"436","Malaki Branham",63,2.11942607697516,0.0336416837615105,"SG",0.0668568443760725
"440","Quentin Grimes",71,3.27189433036782,0.0460830187375749,"SG",0.647149544216368
"449","Frank Ntilikina",47,0.29219076467437,0.00621682478030574,"SG",-0.853195668564849
"450","JD Davison",12,0.0465588389085184,0.00387990324237653,"SG",-0.976876657563921
"451","Alec Burks",50,2.60377891672994,0.0520755783345988,"SG",0.310738978421159
"457","A.J. Lawson",15,0.147655139949094,0.00984367599660625,"SG",-0.925972482718321
"460","Keon Ellis",16,0.0650753226087932,0.00406720766304958,"SG",-0.967553207406964
"462","Gary Harris",48,1.59476459909536,0.0332242624811534,"SG",-0.197321561063556
"469","Kendall Brown",6,0.0223803582350286,0.0037300597058381,"SG",-0.989051045697175
"477","Bogdan Bogdanovic",54,3.05804040468398,0.0566303778645182,"SG",0.539469465792344
"480","Trevelin Queen",7,0.0446910164716326,0.00638443092451894,"SG",-0.977817146572214
"481","Victor Oladipo",42,1.6544984988834,0.0393928214019856,"SG",-0.167244250145927
"483","Alondes Williams",1,-0.0172480354095428,-0.0172480354095428,"SG",-1.00900479927837
"490","Gary Payton II",22,0.570551242643736,0.0259341473928971,"SG",-0.713035145431859
"494","Jared Rhoden",14,0.12534448171249,0.00895317726517783,"SG",-0.937206381843282
"498","Danny Green",11,0.169296724041119,0.0153906112764654,"SG",-0.915075476900926
"505","Stanley Umude",1,0.0133200460442979,0.0133200460442979,"SG",-0.99361310890983
"511","Johnny Juzang",18,0.190612148812756,0.0105895638229309,"SG",-0.904342699357976
"514","Sam Merrill",5,0.109755168744559,0.0219510337489118,"SG",-0.945055938205624
"522","Xavier Moon",4,0.00832712321566125,0.00208178080391531,"SG",-0.996127153578561
"525","Kobi Simmons",5,0.0168521760907293,0.00337043521814585,"SG",-0.991834605011959
"526","Lester Quinones",4,0.0125227422387374,0.00313068555968436,"SG",-0.994014568626017
"528","Shaquille Harrison",4,0.222303693392546,0.0555759233481366,"SG",-0.888385320998809
"529","Nate Williams",4,0.17315501340794,0.0432887533519849,"SG",-0.913132744728612
"530","Jay Scrubb",2,0.0530125545193604,0.0265062772596802,"SG",-0.973627072124329
"532","Donovan Williams",2,0.00206575209629253,0.00103287604814627,"SG",-0.999279889405222
"534","Gabe York",3,0.0927050629944229,0.0309016876648076,"SG",-0.953641035338828
"535","Mac McClung",2,0.111151846696273,0.0555759233481366,"SG",-0.944352680639074
"1","Tobias Harris",74,4.9769158465158,0.0672556195475108,"SF",1.34656248834283
"8","Danuel House Jr.",56,0.88138113551143,0.0157389488484184,"SF",-0.590781864370906
"11","Jaylen Brown",67,6.96290443721304,0.103923946824075,"SF",2.28601094922467
"12","Jayson Tatum",74,9.7850952469611,0.132231016850826,"SF",3.62101499957617
"20","Sam Hauser",80,2.04737853494366,0.0255922316867958,"SF",-0.0392205576142209
"28","Juan Toscano-Anderson",52,0.533208871426598,0.0102540167582038,"SF",-0.75548064418686
"30","Matt Ryan",33,0.266342391223401,0.00807098155222428,"SF",-0.881718682643984
"31","Cole Swider",7,0.0153216833100994,0.00218881190144277,"SF",-1.00046106555759
"34","Andrew Wiggins",36,2.55215745499436,0.0708932626387322,"SF",0.199559152273608
"37","Klay Thompson",68,5.32374996231148,0.0782904406222276,"SF",1.51062827290565
"47","Franz Wagner",80,6.05419470198141,0.0756774337747677,"SF",1.85615653508023
"51","Caleb Houstan",51,0.53427380488999,0.0104759569586273,"SF",-0.754976889982122
"54","Chuma Okeke",27,0.573018439226776,0.0212229051565473,"SF",-0.736649198037858
"56","Saddiq Bey",76,4.31847128955067,0.0568219906519825,"SF",1.0350930627306
"63","Kevin Knox II",62,1.24900100193101,0.0201451774505002,"SF",-0.416883625823516
"65","Hamidou Diallo",55,1.96251828034386,0.0356821505517066,"SF",-0.0793626993904909
"66","Deni Avdija",76,3.10893426261243,0.0409070297712161,"SF",0.462935849109445
"76","Buddy Hield",80,5.68857647282763,0.0711072059103454,"SF",1.68320514741477
"79","Chris Duarte",46,1.13357825104531,0.0246430054575066,"SF",-0.471482995718313
"85","Aaron Nesmith",73,2.67398656216422,0.0366299529063591,"SF",0.257188973390128
"92","KJ Martin",82,4.74183295156255,0.0578272311166165,"SF",1.23535929972535
"97","De'Andre Hunter",67,3.55666116462134,0.0530844949943483,"SF",0.674727775285614
"102","Jalen Johnson",70,1.83086506818531,0.0261552152597902,"SF",-0.14163969741145
"105","Justin Holiday",46,0.51742162879926,0.0112482962782448,"SF",-0.762948612964371
"106","Brandon Ingram",45,4.54688019856194,0.101041782190265,"SF",1.14313920107573
"112","Trey Murphy III",79,5.13402157280651,0.064987614845652,"SF",1.42087949774101
"115","Naji Marshall",77,2.87231528971061,0.0373027959702677,"SF",0.351006036949745
"118","Royce O'Neale",76,3.03161499775859,0.0398896710231394,"SF",0.426360883521175
"127","Yuta Watanabe",58,1.3527568440461,0.0233233938628638,"SF",-0.367803149410357
"128","Kessler Edwards",36,0.314693767402447,0.00874149353895687,"SF",-0.858846634866017
"129","DeMar DeRozan",73,7.93469344295559,0.108694430725419,"SF",2.74570426771761
"134","Javonte Green",32,0.80384718549439,0.0251202245466997,"SF",-0.627458384241559
"139","Caleb Martin",71,3.07470023628324,0.0433056371307498,"SF",0.446741847041461
"143","Max Strus",80,3.38458225501265,0.0423072781876582,"SF",0.593327878257331
"146","Duncan Robinson",42,0.687708001137414,0.0163740000270813,"SF",-0.682396654533398
"153","Isaac Okoro",76,2.11397317999722,0.0278154365789108,"SF",-0.00771874683263354
"156","Cedi Osman",77,2.43177529228762,0.0315814973024366,"SF",0.142613791156114
"158","OG Anunoby",67,4.73682885839805,0.0706989381850455,"SF",1.23299217252053
"159","Scottie Barnes",77,5.74991056539472,0.0746741631869444,"SF",1.71221851593644
"175","Cam Reddish",40,1.40968621759484,0.035242155439871,"SF",-0.340873381228479
"181","John Konchar",72,2.02173367632003,0.0280796343933338,"SF",-0.0513515552827633
"188","Luguentz Dort",74,3.7188295137391,0.0502544528883662,"SF",0.751439598654624
"199","Eugene Omoruyi",40,0.886432588002624,0.0221608147000656,"SF",-0.588392334395609
"201","Jaden McDaniels",78,3.87939767007781,0.0497358675651002,"SF",0.827394469717643
"212","Gordon Hayward",50,3.18337371606061,0.0636674743212121,"SF",0.498148553904604
"215","Kelly Oubre Jr.",48,3.48399190777195,0.072583164745249,"SF",0.640352441096703
"217","Jalen McDaniels",78,3.08489518193579,0.039549938229946,"SF",0.451564445744657
"219","Cody Martin",7,0.145985247171615,0.0208550353102307,"SF",-0.938652208982062
"227","Keldon Johnson",61,4.89366136986299,0.0802239568829998,"SF",1.30717994087031
"233","Doug McDermott",63,2.0463024311444,0.0324809909705461,"SF",-0.0397295958144896
"240","Michael Porter Jr.",62,4.34297034437662,0.070047908780268,"SF",1.04668205143733
"245","Bruce Brown",80,4.22790167865097,0.0528487709831371,"SF",0.992250177347996
"265","Simone Fontecchio",52,0.814914720118856,0.0156714369253626,"SF",-0.622223017624946
"268","Leandro Bolmaro",14,-0.0982220748028553,-0.00701586248591824,"SF",-1.05417160010024
"269","Reggie Bullock Jr.",78,2.26408434619348,0.0290267223870959,"SF",0.0632895684743294
"274","Tim Hardaway Jr.",71,3.68666123950621,0.0519248061902283,"SF",0.736222776232341
"278","Mikal Bridges",82,7.29410188071409,0.088952461959928,"SF",2.44267999052859
"290","Josh Hart",76,4.54143847191986,0.0597557693673666,"SF",1.14056505652003
"298","Nassir Little",54,1.27670044231507,0.0236426007836123,"SF",-0.403780732504802
"316","Jordan Nwora",62,2.04736736460779,0.0330220542678676,"SF",-0.0392258416097518
"317","Wesley Matthews",52,0.612326258718892,0.0117755049753633,"SF",-0.718055098003514
"320","Paul George",56,5.59605816915675,0.0999296101635134,"SF",1.63944045591848
"330","Kawhi Leonard",52,5.93297055412564,0.114095587579339,"SF",1.7988128828265
"337","Joe Harris",74,2.08613433961631,0.0281910045894097,"SF",-0.0208875816744253
"338","Braxton Key",3,0.00999143082520682,0.00333047694173561,"SF",-1.00298247857904
"340","Buddy Boeheim",10,-0.0220374434108392,-0.00220374434108392,"SF",-1.01813335947825
"344","Svi Mykhailiuk",32,0.870377715717455,0.0271993036161705,"SF",-0.595986902223746
"353","Lamar Stevens",62,1.25319662095409,0.0202128487250659,"SF",-0.414898937768338
"363","MarJon Beauchamp",52,0.701033632349645,0.0134814160067239,"SF",-0.676093121979762
"374","Tyler Dorsey",3,0.0345657708175102,0.0115219236058367,"SF",-0.991357877113003
"377","Amir Coffey",50,0.465811337399548,0.00931622674799095,"SF",-0.787362252120325
"378","Keegan Murray",80,4.08465125772022,0.0510581407215028,"SF",0.924487256606938
"380","Troy Brown Jr.",76,2.34533160041256,0.0308596263212179,"SF",0.101722623067151
"381","AJ Griffin",72,2.3525882049969,0.0326748361805125,"SF",0.105155274211229
"392","Brandon Boston Jr.",22,0.429698318297607,0.0195317417408003,"SF",-0.804445089540455
"399","Justin Jackson",23,-0.00111787795801602,-4.86033894789574e-05,"SF",-1.00823760596837
"400","Malcolm Hill",4,0.00233338175412387,0.000583345438530967,"SF",-1.00660502829906
"401","Dillon Brooks",73,3.23320264052566,0.0442904471304885,"SF",0.521719538458778
"403","Jabari Walker",55,0.636702669051788,0.011576412164578,"SF",-0.706524124826561
"412","Jae'Sean Tate",31,1.09141296081927,0.0352068697038474,"SF",-0.491428788554705
"413","Jack White",17,0.0382373008607906,0.00224925299181121,"SF",-0.989621103163546
"419","Chima Moneke",2,-0.0123192274113972,-0.00615961370569862,"SF",-1.01353627211029
"424","Justin Champagnie",5,0.031237155598419,0.00624743111968381,"SF",-0.992932439252529
"425","Jordan Schakel",2,0.0104569901424449,0.00522849507122245,"SF",-1.00276225123933
"434","Anthony Lamb",61,1.6660315928251,0.0273119933250016,"SF",-0.219612227291186
"435","Patrick Baldwin Jr.",31,0.30143783618864,0.0097238011673755,"SF",-0.865117196658114
"441","Otto Porter Jr.",8,0.24381704782359,0.0304771309779487,"SF",-0.892374030457618
"442","Jordan Hall",9,0.0497536392986939,0.00552818214429932,"SF",-0.984173435200517
"445","Corey Kispert",74,3.26570265924687,0.0441311170168497,"SF",0.53709328869546
"448","Jarrett Culver",10,0.15417855555836,0.015417855555836,"SF",-0.934776461160794
"459","Ish Wainright",60,0.949645673342465,0.0158274278890411,"SF",-0.55849013052179
"465","Pat Connaughton",61,1.96092367273274,0.0321462897169302,"SF",-0.0801170096987148
"466","Julian Champagnie",15,0.407184145233663,0.0271456096822442,"SF",-0.815095153358558
"473","Josh Minott",14,0.191875011935555,0.0137053579953968,"SF",-0.916944597427971
"478","T.J. Warren",42,1.20736538585271,0.0287467949012549,"SF",-0.436578862556421
"479","Khris Middleton",33,2.09503291113846,0.0634858457920746,"SF",-0.0166782174516461
"482","Ziaire Williams",37,0.528804152408248,0.0142920041191418,"SF",-0.757564244526655
"487","Stanley Johnson",29,0.79325638052303,0.0273536682938976,"SF",-0.632468239522929
"489","Joe Ingles",46,1.50339209922216,0.0326824369396122,"SF",-0.296546919997673
"491","Sterling Brown",4,0.00293275590027758,0.000733188975069396,"SF",-1.00632150143403
"493","PJ Dozier",16,0.005737282139573,0.000358580133723313,"SF",-1.00499485340023
"496","Joe Wieskamp",9,-0.0329599928705222,-0.00366222143005803,"SF",-1.02330014257402
"501","Darius Days",4,0.0496839393002693,0.0124209848250673,"SF",-0.984206405962057
"518","Dylan Windler",3,0.0123889274098218,0.00412964246994059,"SF",-1.00184837111894
"524","Xavier Sneed",4,0.052680810031038,0.0131702025077595,"SF",-0.98278877163693
"533","Justin Minaya",3,0.00879268253289934,0.00293089417763311,"SF",-1.00354953230909
"2","P.J. Tucker",75,1.13266388791463,0.0151021851721951,"PF",-0.496385442389878
"9","Georges Niang",78,2.14061327208581,0.0274437598985361,"PF",-0.0383474762344541
"17","Grant Williams",79,2.76229807647616,0.0349657984364071,"PF",0.244161990872204
"22","LeBron James",55,7.14410777384294,0.129892868615326,"PF",2.23536832859157
"35","Draymond Green",72,3.963106535712,0.0550431463293333,"PF",0.789840050751053
"41","JaMychal Green",57,1.59896580328637,0.028052031636603,"PF",-0.28448593207183
"42","Jonathan Kuminga",67,2.64261559173688,0.0394420237572669,"PF",0.189775210389689
"46","Paolo Banchero",72,5.54725240399633,0.0770451722777268,"PF",1.50971642847127
"52","Bol Bol",70,2.85939110298513,0.040848444328359,"PF",0.288283544085527
"57","Bojan Bogdanovic",58,4.79136632053011,0.0826097641470708,"PF",1.1662224695948
"67","Kyle Kuzma",64,4.9360190045805,0.0771252969465703,"PF",1.23195634695199
"71","Rui Hachimura",63,2.71220710752121,0.0430509064685906,"PF",0.221399374114672
"73","Anthony Gill",59,0.710960948344361,0.0120501855651587,"PF",-0.688018038029943
"77","Terry Taylor",31,0.273866625465568,0.00883440727308285,"PF",-0.886644871691942
"84","Oshae Brissett",65,1.52511455364848,0.0234633008253612,"PF",-0.318045827750512
"88","Jabari Smith Jr.",79,3.8501621517452,0.0487362297689265,"PF",0.738515235504135
"93","Tari Eason",82,3.46996101342432,0.0423165977246868,"PF",0.565742119253194
"98","John Collins",71,3.98874580916769,0.0561795184389816,"PF",0.801491192020419
"107","Zion Williamson",29,3.49943065040717,0.120670022427833,"PF",0.579133875624038
"109","Herbert Jones",66,3.11598735236942,0.0472119295813549,"PF",0.404887439119139
"117","Kevin Durant",47,6.34706838911945,0.135044008279137,"PF",1.87317325763103
"125","Markieff Morris",35,0.399071707181209,0.011402048776606,"PF",-0.829748481970436
"130","Patrick Williams",81,3.37332796106465,0.0416460242106747,"PF",0.521829590051534
"138","Jimmy Butler",64,8.14327006064916,0.127238594697643,"PF",2.68941321308172
"147","Haywood Highsmith",54,0.919473451207438,0.0170272861334711,"PF",-0.593264626569789
"149","Evan Mobley",79,6.46163530653704,0.0817928519814815,"PF",1.92523539355445
"154","Kevin Love",62,2.19181653383085,0.0353518795779169,"PF",-0.0150794051998124
"155","Dean Wade",44,0.856399765864446,0.0194636310423738,"PF",-0.621926921528367
"160","Pascal Siakam",71,7.75940856262087,0.109287444543956,"PF",2.51497673581076
"166","Thaddeus Young",54,1.26111671451507,0.0233540132317605,"PF",-0.438013194371332
"167","Juancho Hernangomez",42,0.474330805106682,0.0112935905977782,"PF",-0.795548824041362
"169","Julius Randle",77,8.07668100076354,0.104891961048877,"PF",2.65915344206823
"176","Obi Toppin",67,1.81547927004472,0.0270967055230555,"PF",-0.186096678090787
"179","Santi Aldama",77,3.16241237644902,0.0410702906032341,"PF",0.425984156813573
"183","Brandon Clarke",56,2.87609829391108,0.0513588981055549,"PF",0.295875718724517
"185","David Roddy",70,1.44846436293923,0.0206923480419889,"PF",-0.352877633800735
"187","Jake LaRavia",35,0.261815027712003,0.00748042936320007,"PF",-0.892121425783501
"189","Kenrich Williams",53,2.23556526133214,0.0421804766289082,"PF",0.00480113491585617
"190","Aleksej Pokusevski",34,1.24465481257522,0.0366074944875065,"PF",-0.445493903424772
"191","Josh Giddey",76,5.96974706220423,0.0785493034500556,"PF",1.7017088012988
"194","Jeremiah Robinson-Earl",43,1.33636464210468,0.0310782474908064,"PF",-0.40381861252842
"197","Ousmane Dieng",39,0.662732216658363,0.0169931337604709,"PF",-0.709934406568503
"202","Karl-Anthony Towns",28,2.57026690903995,0.0917952467514269,"PF",0.156898119538768
"206","Kyle Anderson",68,3.95358066420403,0.0581408921206475,"PF",0.785511251230077
"209","Taurean Prince",53,1.5804493195861,0.0298197984827566,"PF",-0.292900295598028
"213","P.J. Washington",73,4.49908083720236,0.0616312443452377,"PF",1.03340047434126
"221","JT Thor",69,0.761447776618124,0.0110354750234511,"PF",-0.665075532678677
"228","Jeremy Sochan",55,2.42343699873609,0.0440624908861107,"PF",0.0901748549160434
"236","Keita Bates-Diop",64,2.73631588819627,0.0427549357530668,"PF",0.23235502034087
"238","Isaiah Roby",41,0.510758813193145,0.0124575320291011,"PF",-0.778995005965728
"241","Aaron Gordon",68,5.55870462760374,0.0817456562882903,"PF",1.51492061162915
"248","Jeff Green",56,1.59943136260361,0.0285612743322073,"PF",-0.284274370017087
"253","Vlatko Cancar",60,1.19059408009627,0.0198432346682711,"PF",-0.470060482205801
"254","Zeke Nnaji",53,1.04221133634004,0.0196643648366045,"PF",-0.537489394044019
"255","Lauri Markkanen",66,7.45126055149942,0.112897887143931,"PF",2.37494640243746
"257","Jarred Vanderbilt",78,3.71816602476246,0.0476687951892623,"PF",0.678532821215266
"262","Rudy Gay",56,0.947312291588341,0.0169162909212204,"PF",-0.580613945862564
"270","Dorian Finney-Smith",66,2.35418281260802,0.0356694365546669,"PF",0.0587039824099469
"276","Maxi Kleber",37,0.960353537638941,0.0259555010172687,"PF",-0.574687670286671
"279","Cameron Johnson",41,2.87961925362164,0.0702346159419912,"PF",0.297475732822515
"283","Torrey Craig",79,2.87138417107614,0.0363466350769131,"PF",0.293733500802238
"288","Dario Saric",57,1.40716607651718,0.0246871241494241,"PF",-0.371644630849911
"291","Jerami Grant",63,5.22837977307461,0.0829901551281684,"PF",1.36481255370963
"295","Justise Winslow",29,0.928115563407621,0.0320039849450904,"PF",-0.589337429869616
"299","Harrison Barnes",82,5.44190195427012,0.0663646579789039,"PF",1.46184249106534
"300","KZ Okpala",35,0.0574284438735772,0.00164081268210221,"PF",-0.984999914168893
"307","Trey Lyles",74,2.36004832440857,0.0318925449244402,"PF",0.0613694209109051
"310","Giannis Antetokounmpo",63,8.87197520754319,0.140825003294336,"PF",3.02055545955949
"314","Bobby Portis",70,4.60297049414636,0.065756721344948,"PF",1.08061059016502
"321","Marcus Morris Sr.",65,2.66392543134059,0.0409834681744706,"PF",0.199458946244346
"326","Nicolas Batum",78,2.29824867252425,0.0294647265708237,"PF",0.0332860793237817
"327","Robert Covington",48,1.34242808356464,0.02796725174093,"PF",-0.401063229730595
"334","James Johnson",18,0.128277237612767,0.00712651320070929,"PF",-0.9528044112017
"347","Isaiah Livers",51,1.2247528212591,0.0240147612011588,"PF",-0.454537877029037
"352","Isaiah Mobley",12,0.110691872546969,0.00922432271224738,"PF",-0.960795650618412
"355","Derrick Jones Jr.",63,1.35582341477529,0.0215210065837348,"PF",-0.394976048806573
"366","Thanasis Antetokounmpo",37,0.0457085906083337,0.00123536731373875,"PF",-0.990325715084647
"368","Kenneth Lofton Jr.",24,0.428767199663131,0.0178652999859638,"PF",-0.816254091087319
"379","Chimezie Metu",66,1.43174600167741,0.0216931212375365,"PF",-0.360474884525888
"397","Chris Boucher",76,3.44038816543544,0.0452682653346769,"PF",0.552303461162852
"404","Greg Brown III",16,0.0147278943318791,0.000920493395742443,"PF",-1.00440413542538
"407","Isaiah Todd",6,-0.0189764578495794,-0.00316274297492991,"PF",-1.01972025463357
"414","Nikola Jovic",15,0.260936853572151,0.0173957902381434,"PF",-0.892520490561221
"423","Admiral Schofield",37,0.495239200223639,0.0133848432492875,"PF",-0.786047514823519
"428","Micah Potter",7,0.107025927671622,0.0152894182388031,"PF",-0.962461549681511
"438","Ron Harper Jr.",9,0.0635392446602299,0.00705991607335888,"PF",-0.982223010082384
"444","Dominick Barlow",26,0.525534066851715,0.0202128487250659,"PF",-0.77228075300672
"446","Trendon Watford",61,2.00467798540196,0.0328635735311797,"PF",-0.10011994538738
"454","Jamal Cain",18,0.46692363018963,0.0259402016772017,"PF",-0.798914833671651
"458","Davis Bertans",45,0.634165772470324,0.0140925727215628,"PF",-0.722915729045267
"467","Michael Foster Jr.",1,-0.00466117834031426,-0.00466117834031426,"PF",-1.01321502568622
"474","Mfiondu Kabengele",4,0.0215133544310435,0.00537833860776088,"PF",-1.0013206489011
"476","Alize Johnson",4,0.00473087833873881,0.0011827195846847,"PF",-1.00894703504418
"492","Andre Iguodala",7,0.0650697374408598,0.00929567677726568,"PF",-0.981527515039216
"497","Jonathan Isaac",11,0.304155906925711,0.0276505369932464,"PF",-0.872880647918225
"500","Deonte Burton",2,-0.0177135947267809,-0.00885679736339044,"PF",-1.01914637734827
"502","Chris Silva",1,-0.00526055248646801,-0.00526055248646801,"PF",-1.0134873966199
"509","Jae Crowder",18,0.636546513551139,0.0353636951972855,"PF",-0.721833859439785
"520","Xavier Cooks",10,0.195535371642968,0.0195535371642968,"PF",-0.922240595793515
"521","Jarrell Brantley",4,0.0886432588002624,0.0221608147000656,"PF",-0.970815104328771
"523","Luka Samanic",7,0.255071341771595,0.0364387631102279,"PF",-0.89518592906218
"536","Louis King",1,0.082248072851978,0.082248072851978,"PF",-0.973721240302401
"537","RaiQuan Gray",1,0.0762543313904406,0.0762543313904406,"PF",-0.976444949639216
"3","Joel Embiid",66,10.3312533237681,0.156534141269214,"C",3.31114630815274
"6","Montrezl Harrell",57,1.4029704574941,0.0246135167981421,"C",-0.431102226627393
"13","Al Horford",63,3.51416971507491,0.0557804716678557,"C",0.453797193187672
"16","Noah Vonleh",23,0.0228570878881335,0.00099378642991885,"C",-1.00957037247297
"19","Blake Griffin",41,0.864389559423851,0.0210826721810695,"C",-0.656845923019157
"23","Anthony Davis",56,7.57039660658717,0.135185653689057,"C",2.15394596410494
"29","Wenyen Gabriel",68,1.74189006489673,0.0256160303661283,"C",-0.289045638232134
"36","Kevon Looney",81,4.43362082561062,0.0547360595754397,"C",0.839180880369184
"40","James Wiseman",45,1.82032720770858,0.0404517157268572,"C",-0.256169072026019
"48","Wendell Carter Jr.",57,4.05160480934748,0.0710807861289031,"C",0.679060631208678
"53","Mo Bamba",49,1.49000793834737,0.0304083252723954,"C",-0.394620868445465
"58","Isaiah Stewart",49,2.48616776925489,0.0507381177398957,"C",0.0229149246578507
"62","Jalen Duren",66,3.53315175809242,0.0535326023953398,"C",0.461753428864048
"68","Kristaps Porzingis",65,6.97462429047828,0.107301912161204,"C",1.90423074893821
"75","Daniel Gafford",78,3.93094384664703,0.0503967159826543,"C",0.628486145875494
"78","Jalen Smith",68,2.77461171871962,0.0408031135105827,"C",0.143814874112639
"81","Isaiah Jackson",63,2.29923832082128,0.0364958463622425,"C",-0.0554356904587896
"86","Goga Bitadze",38,0.895155570537099,0.02355672554045,"C",-0.643950491530926
"89","Bruno Fernando",39,0.728063998589121,0.0186683076561313,"C",-0.713986152325058
"94","Alperen Sengun",75,5.76642541182919,0.0768856721577226,"C",1.39781976811829
"99","Clint Capela",65,4.92716220721711,0.0758024954956478,"C",1.0460464714166
"104","Onyeka Okongwu",80,4.53298311904322,0.0566622889880403,"C",0.880828126830779
"108","Jonas Valanciunas",79,5.23711392594495,0.0662925813410753,"C",1.17596130304042
"113","Larry Nance Jr.",65,2.75922592057903,0.0424496295473697,"C",0.13736598786985
"119","Nic Claxton",76,6.07104129290421,0.0798821222750554,"C",1.52549810802952
"122","Day'Ron Sharpe",48,1.10567529583391,0.0230349019965398,"C",-0.555712120801182
"131","Nikola Vucevic",81,7.2195118569332,0.089129776011521,"C",2.00687424158712
"136","Andre Drummond",67,2.10917260166005,0.0314801880844784,"C",-0.135100858968382
"140","Bam Adebayo",75,7.24628017868278,0.0966170690491037,"C",2.01809406003892
"145","Dewayne Dedmon",38,0.76389263252943,0.0201024376981429,"C",-0.698968745856814
"150","Jarrett Allen",68,5.64261700806527,0.0829796618833127,"C",1.34592604739745
"163","Precious Achiuwa",55,2.22744165294381,0.040498939144433,"C",-0.0855289322602415
"164","Christian Koloko",58,0.888241880776952,0.0153145151858095,"C",-0.646848332668169
"170","Mitchell Robinson",59,3.48126825186695,0.0590045466418127,"C",0.440006696814935
"174","Isaiah Hartenstein",82,2.61645222930139,0.0319079540158706,"C",0.0775230544646866
"180","Steven Adams",42,2.5367772420217,0.0603994581433739,"C",0.0441276514659379
"186","Xavier Tillman",61,2.57588154668648,0.0422275663391226,"C",0.0605180401920987
"196","Darius Bazley",43,0.992923256358583,0.023091238519967,"C",-0.602971617486025
"198","Mike Muscala",63,1.54342752252141,0.024498849563832,"C",-0.372230296417442
"203","Rudy Gobert",69,5.36823746395577,0.0778005429558807,"C",1.23092112850134
"214","Mason Plumlee",79,5.34020627908339,0.0675975478364986,"C",1.21917198680322
"220","Nick Richards",65,2.83534643714056,0.043620714417547,"C",0.169271550880753
"224","Mark Williams",43,2.11435228381223,0.0491709833444705,"C",-0.132929819112798
"225","Kai Jones",46,0.625908349253087,0.0136067032446323,"C",-0.756804221014544
"229","Jakob Poeltl",71,5.25222650925978,0.0739750212571799,"C",1.18229567255063
"234","Zach Collins",61,3.23219623672482,0.0529868235528659,"C",0.335609311821539
"239","Gorgui Dieng",30,0.391210143282786,0.0130403381094262,"C",-0.855176890268293
"242","Nikola Jokic",69,10.4263558833472,0.151106607005032,"C",3.35100810684002
"249","DeAndre Jordan",39,1.01816108532753,0.0261066944955777,"C",-0.592393298015789
"256","Kelly Olynyk",68,3.96856501785787,0.0583612502626158,"C",0.644254886063183
"261","Walker Kessler",74,4.60470450175433,0.0622257365101936,"C",0.910889813202401
"271","JaVale McGee",42,0.643953688468191,0.0153322306778141,"C",-0.749240600411481
"275","Christian Wood",67,4.88487427249802,0.0729085712313138,"C",1.02832167885439
"280","Deandre Ayton",67,5.67664751956711,0.0847260823815987,"C",1.36018977914891
"284","Jock Landale",69,2.00215225915637,0.0290166994080633,"C",-0.179957941335132
"289","Bismack Biyombo",61,1.41908944460976,0.0232637613870452,"C",-0.42434602761139
"292","Jusuf Nurkic",52,3.30171805251072,0.0634945779328985,"C",0.36474905987352
"296","Drew Eubanks",77,2.9748082687029,0.0386338736195182,"C",0.227726333579607
"301","Domantas Sabonis",79,9.12045901887503,0.11544884834019,"C",2.80364746640767
"308","Richaun Holmes",42,0.443762723652842,0.0105657791345915,"C",-0.8331497188811
"311","Brook Lopez",78,5.96641844698514,0.0764925441921171,"C",1.48164592528516
"318","Serge Ibaka",16,0.196937634762616,0.0123086021726635,"C",-0.936605315111766
"319","Paul Reed",69,1.55981413929491,0.0226060020187667,"C",-0.365361921666207
"322","Ivica Zubac",76,4.60796900214293,0.060631171080828,"C",0.912258113465621
"331","Damian Jones",41,0.663599220462348,0.0161853468405451,"C",-0.741006266394374
"332","Willy Hernangomez",37,1.2174850463389,0.0329050012524026,"C",-0.508847580187
"342","Jericho Sims",52,1.15775673171879,0.0222645525330537,"C",-0.533882427449319
"346","Naz Reid",68,3.18578238298109,0.0468497409261924,"C",0.316155159352635
"349","Luke Kornet",69,1.48129612614877,0.0214680597992575,"C",-0.398272384299501
"351","Robin Lopez",37,0.308833840769825,0.00834686056134663,"C",-0.889704537073056
"357","Tony Bradley",11,0.0566143845642163,0.00514676223311058,"C",-0.995421157454101
"358","Marko Simonovic",6,-0.0249701993111169,-0.00416169988518614,"C",-1.02961695904787
"359","Usman Garuba",75,1.30768113859152,0.0174357485145536,"C",-0.471042304622725
"362","Boban Marjanovic",31,0.420713291273235,0.013571396492685,"C",-0.842810782026391
"365","Sandro Mamukelashvili",41,1.05019554473151,0.0256145254812564,"C",-0.578966202283881
"370","Dwight Powell",76,2.60545997984328,0.0342823681558327,"C",0.0729157038638306
"385","Jaxson Hayes",47,0.995856012258861,0.0211884257927417,"C",-0.60174236639317
"387","Nathan Knight",37,0.439497404631341,0.0118783082332795,"C",-0.834937507652766
"388","Jaylin Williams",49,1.31019569450125,0.0267386876428827,"C",-0.469988340124763
"393","Moses Brown",36,0.713876948740838,0.0198299152428011,"C",-0.719932588756652
"398","Khem Birch",20,0.112361765324448,0.00561808826622238,"C",-0.97205490023617
"406","Taj Gibson",48,0.555449829664777,0.0115718714513495,"C",-0.786336584139837
"411","Myles Turner",62,5.21925534605339,0.0841815378395707,"C",1.16847596174541
"416","Udonis Haslem",7,0.0404953974485564,0.00578505677836521,"C",-1.0021773564701
"418","Moussa Diabate",22,0.263671679813021,0.0119850763551373,"C",-0.908634048290327
"420","Alex Len",26,0.159915837697933,0.0061506091422282,"C",-0.952122830393857
"422","Frank Kaminsky",36,0.361444950802439,0.01004013752229,"C",-0.867652833248078
"426","Vernon Carey Jr.",11,-0.00811802322038761,-0.000738002110944328,"C",-1.02255344725865
"429","Udoka Azubuike",36,0.633560813156237,0.0175989114765621,"C",-0.753596726106739
"433","Mamadi Diakite",22,0.121020633028431,0.00550093786492869,"C",-0.968425575822571
"439","Nerlens Noel",17,0.132938415953082,0.0078199068207695,"C",-0.9634302921431
"443","Charles Bassey",35,1.1752612264503,0.0335788921842943,"C",-0.526545499314068
"447","John Butler Jr.",18,0.0413679864204749,0.00229822146780416,"C",-1.00181161483193
"452","Marvin Bagley III",42,2.27185386942175,0.0540917587957559,"C",-0.066913756808229
"456","Jaren Jackson Jr.",63,5.4033970237515,0.0857682067262143,"C",1.24565809563151
"461","Orlando Robinson",31,0.614311140480893,0.0198164884026094,"C",-0.761665137518346
"464","Thomas Bryant",59,2.81476420134399,0.0477078678193896,"C",0.160644601790334
"468","Luka Garza",27,0.688697649434448,0.025507320349424,"C",-0.730486375789102
"470","Moritz Wagner",57,2.60052000150927,0.0456231579212153,"C",0.0708451347567366
"485","Neemias Queta",5,0.0420258902291863,0.00840517804583727,"C",-1.00153585748854
"488","Robert Williams III",35,2.01258690862708,0.0575024831036308,"C",-0.175584306194133
"499","Daniel Theis",7,0.206522035933142,0.0295031479904489,"C",-0.932588057619552
"508","Cody Zeller",15,0.420969750595199,0.0280646500396799,"C",-0.842703288285856
"510","Meyers Leonard",9,0.157041611460213,0.0174490679400237,"C",-0.953327549048926
"515","Olivier Sarr",9,0.142656631952524,0.0158507368836137,"C",-0.95935694678327
"517","Omer Yurtseven",9,0.147451625121753,0.0163835139024171,"C",-0.957347147538488
"519","Jay Huff",7,0.264661328110055,0.0378087611585793,"C",-0.908219241776578
"539","Chance Comanche",1,0.0307018962827564,0.0307018962827564,"C",-1.00628225725976
