"","player","GP","PVWL","WLpg","position","Z_val"
"5","James Harden",58,3.95569232918675,0.0682015918825302,"PG",1.79097125347594
"15","Marcus Smart",61,1.80404368283457,0.0295744866038454,"PG",0.0347986537720055
"18","Malcolm Brogdon",67,3.84288831496999,0.0573565420144775,"PG",1.69890077568676
"24","Russell Westbrook",73,2.24356684541018,0.0307337924028792,"PG",0.393536841049528
"25","Patrick Beverley",67,2.12254082393687,0.0316797137901025,"PG",0.29475557249857
"32","Scotty Pippen Jr.",6,0.243423750743537,0.0405706251239229,"PG",-1.23897714040172
"38","Stephen Curry",55,4.13852119727631,0.0752458399504783,"PG",1.94019591853365
"39","Jordan Poole",81,1.58036456859932,0.0195106736864113,"PG",-0.147767924749986
"45","Ryan Rollins",12,0.354440015936465,0.0295366679947054,"PG",-1.14836582085203
"59","Cade Cunningham",12,0.153697250526536,0.0128081042105447,"PG",-1.31221178371376
"61","Killian Hayes",75,0.285100720308183,0.00380134293744243,"PG",-1.20496045644535
"64","Cory Joseph",62,1.76677780699866,0.0284964162419139,"PG",0.00438229831455854
"70","Monte Morris",62,2.72328008480638,0.0439238723355867,"PG",0.785078112516446
"72","Delon Wright",50,3.11922320265624,0.0623844640531247,"PG",1.10824632856702
"80","Tyrese Haliburton",56,3.36740229465923,0.0601321838332006,"PG",1.31080975449345
"83","T.J. McConnell",75,3.74165167424384,0.0498886889899178,"PG",1.61627157187565
"91","Kevin Porter Jr.",59,1.69160861398975,0.0286713324405043,"PG",-0.0569706913233697
"101","Trae Young",73,1.87131733005133,0.0256344839733059,"PG",0.0897073100363647
"103","Aaron Holiday",63,1.98502827872099,0.0315083853765236,"PG",0.182518026450752
"110","CJ McCollum",75,1.22224179534418,0.0162965572712557,"PG",-0.440067228721807
"111","Jose Alvarado",61,1.78848883641068,0.0293194891214865,"PG",0.0221028099926097
"114","Devonte' Graham",72,2.56065087071477,0.035564595426594,"PG",0.652340376648987
"116","Dyson Daniels",59,2.24045489803487,0.0379738118310995,"PG",0.39099687397753
"120","Kyrie Irving",60,3.45256972309178,0.0575428287181964,"PG",1.38032328982556
"121","Ben Simmons",42,2.76207612391472,0.0657637172360648,"PG",0.816743385085285
"123","Patty Mills",40,1.04013630284836,0.0260034075712091,"PG",-0.588701475637044
"132","Alex Caruso",66,2.98512607909979,0.0452291830166635,"PG",0.998796444875183
"137","Goran Dragic",57,1.47856980941074,0.0259398212177323,"PG",-0.230852664065354
"142","Kyle Lowry",55,2.58022696157634,0.0469132174832061,"PG",0.668318354484117
"144","Gabe Vincent",68,1.31630232349821,0.0193573871102678,"PG",-0.363295157901675
"152","Darius Garland",69,2.07377008177039,0.0300546388662375,"PG",0.254948961319182
"157","Raul Neto",48,1.94894203571307,0.0406029590773556,"PG",0.153064485648817
"162","Fred VanVleet",69,1.81044328265906,0.0262383084443343,"PG",0.0400219981502364
"165","Dalano Banton",31,1.15174180191395,0.0371529613520629,"PG",-0.497609224229012
"172","Jalen Brunson",68,3.624466545301,0.0533009786073676,"PG",1.52062523440736
"177","Derrick Rose",27,0.698955998950272,0.0258872592203804,"PG",-0.867172359942575
"182","Ja Morant",61,3.27297010921226,0.0536552476920043,"PG",1.23373433751341
"184","Tyus Jones",80,3.3696564240178,0.0421207053002225,"PG",1.31264957170637
"192","Shai Gilgeous-Alexander",68,5.03637297231416,0.0740643084163847,"PG",2.67302127484367
"193","Tre Mann",67,1.60667325562811,0.0239801978451957,"PG",-0.126294811389917
"205","D'Angelo Russell",70,2.57496091170709,0.0367851558815299,"PG",0.664020211985471
"207","Jordan McLaughlin",42,1.56325937345271,0.0372204612726835,"PG",-0.16172916097691
"218","Dennis Smith Jr.",54,1.43669811172121,0.0266055205874298,"PG",-0.265028284843456
"226","Theo Maledon",44,1.56878126261949,0.0356541196049883,"PG",-0.157222202803355
"231","Tre Jones",65,2.41314090720137,0.0371252447261749,"PG",0.53194295184418
"244","Jamal Murray",65,2.08645574804208,0.0320993192006474,"PG",0.265302984292733
"247","Bones Hyland",56,1.44207875017823,0.0257514062531826,"PG",-0.260636615300591
"250","Ish Smith",43,1.10905871569781,0.0257920631557631,"PG",-0.532447099181626
"259","Mike Conley",66,2.51559002551555,0.0381150003865992,"PG",0.615561778157765
"260","Collin Sexton",48,1.96135327770646,0.0408615266188846,"PG",0.163194523912287
"272","Spencer Dinwiddie",79,2.55637120061156,0.0323591291216653,"PG",0.648847315928422
"273","Luka Doncic",66,6.15931638828153,0.0933229755800232,"PG",3.58956611197738
"282","Chris Paul",59,2.94243158491786,0.0498717217782688,"PG",0.963949258756931
"285","Cameron Payne",48,1.09620381203439,0.0228375794173831,"PG",-0.542939253476341
"294","Damian Lillard",58,4.40085384236319,0.0758767903855723,"PG",2.15431145458573
"303","De'Aaron Fox",73,3.19305992671562,0.0437405469413099,"PG",1.16851175892194
"306","Davion Mitchell",80,2.34852442180045,0.0293565552725057,"PG",0.479203067317657
"312","Jevon Carter",81,2.50770023587744,0.0309592621713264,"PG",0.609122142949031
"313","Jrue Holiday",67,2.65668461693222,0.0396520092079436,"PG",0.73072298527793
"315","George Hill",46,2.02305196676762,0.0439793905819047,"PG",0.213552907169029
"324","Reggie Jackson",68,0.814089846220485,0.0119719095032424,"PG",-0.773200275691162
"325","John Wall",34,0.70122889858367,0.0206243793701079,"PG",-0.865317222457736
"335","Cole Anthony",60,2.49329138986224,0.0415548564977039,"PG",0.597361663091805
"341","Miles McBride",64,1.83713097215256,0.0287051714398837,"PG",0.0618044527890716
"343","Ryan Arcidiacono",20,0.722665848532826,0.0361332924266413,"PG",-0.847820414051885
"348","Payton Pritchard",48,1.61983866118609,0.0337466387747103,"PG",-0.115549225885467
"350","Malachi Flynn",53,1.54551670382698,0.0291606925250374,"PG",-0.176210702977333
"360","Daishen Nix",57,1.26843278509475,0.0222532067560482,"PG",-0.402366207836881
"361","Trevor Hudgins",5,0.149762527955597,0.0299525055911193,"PG",-1.31542329874352
"367","Kennedy Chandler",36,1.301482011355,0.0361522780931945,"PG",-0.375391475834016
"373","McKinley Wright IV",27,0.996411419920137,0.0369041266637088,"PG",-0.624389663601189
"383","Vit Krejci",29,1.11887806019132,0.0385820020755626,"PG",-0.52443256401308
"391","Jason Preston",14,0.503566282034298,0.035969020145307,"PG",-1.0266491721505
"408","Jordan Goodwin",62,2.73654504950313,0.0441378233790828,"PG",0.795904958049976
"409","Facundo Campazzo",8,0.328850206328293,0.0411062757910366,"PG",-1.1692521874722
"421","Matthew Dellavedova",32,1.13274771868365,0.0353983662088641,"PG",-0.513112168253865
"437","Jeff Dowtin Jr.",25,0.962468508541629,0.0384987403416652,"PG",-0.652093820140954
"453","LaMelo Ball",36,0.801362170151203,0.0222600602819779,"PG",-0.783588587002432
"455","TyTy Washington Jr.",31,0.847332623813317,0.0273333104455909,"PG",-0.746067567362802
"463","Dennis Schroder",66,1.21843891518196,0.0184611956845751,"PG",-0.443171134162959
"471","Devon Dotson",6,0.220520860707001,0.0367534767845001,"PG",-1.25767044704563
"472","Saben Lee",25,0.951030728475469,0.0380412291390188,"PG",-0.661429320148208
"475","Markelle Fultz",60,2.1320587784842,0.0355343129747366,"PG",0.302524113616837
"484","Kemba Walker",9,0.288510954751024,0.0320567727501138,"PG",-1.20217702788826
"486","Kira Lewis Jr.",25,1.05209573607748,0.0420838294430994,"PG",-0.578940203051681
"495","Ricky Rubio",33,1.14929534965487,0.0348271318077233,"PG",-0.499606015122899
"503","Jamaree Bouyea",5,0.148062307116285,0.0296124614232569,"PG",-1.31681101660187
"504","Quenton Jackson",9,0.274283327261396,0.0304759252512663,"PG",-1.21378959743972
"506","Carlik Jones",6,0.222882636145834,0.0371471060243056,"PG",-1.25574276925336
"507","Kris Dunn",22,1.23635982246269,0.0561981737483041,"PG",-0.428544114839141
"512","Frank Jackson",1,0.0267795411341586,0.0267795411341586,"PG",-1.41580183965991
"513","Jared Butler",6,0.232864733258235,0.0388107888763725,"PG",-1.24759539562612
"516","Lindell Wigginton",7,0.193613722994355,0.0276591032849078,"PG",-1.27963201501237
"527","Skylar Mays",5,0.181320014719392,0.0362640029438785,"PG",-1.28966612242012
"531","Michael Carter-Williams",4,0.100871107930091,0.0252177769825227,"PG",-1.35532840702176
"538","Jacob Gilyard",1,0.0176600914756222,0.0176600914756222,"PG",-1.42324512164828
"4","Tyrese Maxey",60,2.41354546640461,0.0402257577734102,"SG",0.922897131865079
"7","De'Anthony Melton",77,2.84586903302434,0.0369593380912252,"SG",1.35708499999875
"10","Matisse Thybulle",71,2.85861714115283,0.0402622132556737,"SG",1.36988808157564
"14","Derrick White",82,3.89695729674407,0.0475238694724887,"SG",2.41270585364101
"21","Lonnie Walker IV",56,1.0680168290566,0.0190717290902965,"SG",-0.42843380558714
"26","Austin Reaves",64,3.20725750635258,0.050113398536759,"SG",1.7200318826527
"27","Kendrick Nunn",70,1.51315069449543,0.0216164384927919,"SG",0.0186196029978788
"33","Max Christie",41,1.4441434285474,0.0352230104523757,"SG",-0.0506852418015301
"43","Donte DiVincenzo",71,3.40182446104134,0.047913020578047,"SG",1.91543786508871
"44","Moses Moody",62,2.41366077649888,0.0389300125241755,"SG",0.923012939209096
"49","Terrence Ross",63,1.37905973461935,0.02188983705745,"SG",-0.116049595028522
"50","Jalen Suggs",53,1.67955214673595,0.0316896631459613,"SG",0.185738625371706
"55","R.J. Hampton",47,1.5601645273481,0.0331949899435765,"SG",0.0658361727969646
"60","Jaden Ivey",73,0.403920183848614,0.00553315320340567,"SG",-1.09539422338736
"69","Bradley Beal",50,1.88227737728264,0.0376455475456528,"SG",0.389338064458952
"74","Will Barton",56,1.48021265926302,0.0264323689154111,"SG",-0.0144604703598909
"82","Bennedict Mathurin",78,2.45000032110453,0.0314102605269811,"SG",0.959509190210726
"87","Eric Gordon",69,1.91957137635886,0.0278198750196936,"SG",0.426792885808827
"90","Jalen Green",76,1.08919533475955,0.0143315175626257,"SG",-0.407163972176674
"95","Garrison Mathews",54,2.05452609386297,0.0380467795159809,"SG",0.562329566230486
"96","Josh Christopher",64,1.61870269670722,0.0252922296360503,"SG",0.124626775301503
"100","Dejounte Murray",74,2.58482382371333,0.0349300516718018,"SG",1.09491408990133
"124","Edmond Sumner",53,2.00314224781686,0.0377951367512614,"SG",0.510724138504879
"126","Cam Thomas",57,1.92864304130552,0.0338358428299215,"SG",0.435903670340911
"133","Ayo Dosunmu",79,1.8648034981943,0.0236051075720797,"SG",0.37178883306101
"135","Coby White",73,2.23675602358148,0.0306404934737189,"SG",0.745345322954717
"141","Tyler Herro",67,2.03578162495661,0.0303848003724867,"SG",0.543504265871812
"148","Donovan Mitchell",68,3.59417914284655,0.0528555756300963,"SG",2.10862203469471
"151","Caris LeVert",74,2.19602657896675,0.029676034850902,"SG",0.704440241453352
"161","Gary Trent Jr.",66,2.10429219603971,0.0318832150915108,"SG",0.612310273917529
"168","RJ Barrett",73,1.09995608986185,0.0150678916419432,"SG",-0.396356813654395
"171","Evan Fournier",27,0.433349466361716,0.0160499802356191,"SG",-1.06583803348318
"173","Immanuel Quickley",81,3.63472433338713,0.0448731399183597,"SG",2.14934206756623
"178","Desmond Bane",58,2.85611129504537,0.0492432981904374,"SG",1.36737142955092
"195","Jalen Williams",75,3.4454838267612,0.0459397843568159,"SG",1.95928550234381
"200","Isaiah Joe",73,3.32412019125253,0.0455358930308566,"SG",1.83739851250778
"204","Anthony Edwards",78,2.9789221438649,0.0381913095367295,"SG",1.490711873491
"208","Jaylen Nowell",65,1.61871638648015,0.0249033290227716,"SG",0.124640524108613
"210","Bryn Forbes",25,0.60242122995663,0.0240968491982652,"SG",-0.89603718461702
"211","Austin Rivers",52,1.42826241691332,0.0274665849406409,"SG",-0.0666347368501596
"216","Terry Rozier",63,0.69414276161283,0.0110181390732195,"SG",-0.803920123770348
"222","James Bouknight",34,0.809609574683616,0.023812046314224,"SG",-0.687955385138621
"223","Bryce McGowens",46,1.33213518986816,0.0289594606493078,"SG",-0.163176491690586
"230","Devin Vassell",38,1.10969869562215,0.0292025972532144,"SG",-0.386572195022098
"232","Joshua Primo",4,0.0176294748540143,0.00440736871350357,"SG",-1.48335072719215
"235","Josh Richardson",64,2.11713494124266,0.0330802334569166,"SG",0.625208400670721
"237","Romeo Langford",40,1.37197195324397,0.0342992988310993,"SG",-0.123167940922168
"243","Kentavious Caldwell-Pope",76,2.84041858996908,0.0373739288153827,"SG",1.35161105309122
"246","Davon Reed",43,1.59750850139533,0.0371513604975659,"SG",0.103341184624071
"251","Christian Braun",76,2.98396126160475,0.0392626481790099,"SG",1.495772721332
"252","Peyton Watson",23,0.967425527603752,0.0420619794610327,"SG",-0.529458885186888
"258","Jordan Clarkson",61,0.727424672021539,0.0119249946233039,"SG",-0.770494692349248
"263","Malik Beasley",81,1.92036437451492,0.0237082021545052,"SG",0.427589303597259
"264","Talen Horton-Tucker",65,1.83923771652975,0.0282959648696885,"SG",0.346112804513937
"266","Ochai Agbaji",59,1.34991574391145,0.0228799278629059,"SG",-0.145319262868543
"267","Nickeil Alexander-Walker",58,2.03695654153724,0.0351199403713317,"SG",0.544684249025092
"277","Josh Green",60,2.2376838059339,0.0372947300988983,"SG",0.746277106167085
"281","Devin Booker",53,2.25611398521552,0.0425681884002927,"SG",0.764786761595251
"286","Damion Lee",74,2.79831671616982,0.0378150907590516,"SG",1.30932762410246
"287","Josh Okogie",72,3.34423275663191,0.0464476771754432,"SG",1.85759780895847
"293","Anfernee Simons",62,0.489417783890441,0.00789383522403937,"SG",-1.00952793350879
"297","Shaedon Sharpe",80,1.91189603508919,0.0238987004386149,"SG",0.419084446296419
"302","Kevin Huerter",75,2.13091652089266,0.0284122202785688,"SG",0.639049410390675
"304","Malik Monk",77,2.27753501294751,0.0295783767915261,"SG",0.786300162858359
"305","Terence Davis",64,2.04046734260351,0.0318823022281799,"SG",0.548210189658692
"309","Grayson Allen",72,2.73660300682728,0.0380083750948234,"SG",1.24734778778781
"323","Norman Powell",60,2.52389436893269,0.0420649061488782,"SG",1.0337218900761
"328","Luke Kennard",58,2.61128262410532,0.0450221142087123,"SG",1.12148698812521
"329","Terance Mann",81,3.52957101457316,0.0435749507971995,"SG",2.04373529789601
"333","Andrew Nembhard",75,1.2265967710881,0.016354623614508,"SG",-0.269170021986887
"336","Kevon Harris",34,1.2883914013129,0.037893864744497,"SG",-0.207108915836239
"339","Rodney McGruder",32,1.24917585659629,0.0390367455186339,"SG",-0.246493569074869
"345","Trevor Keels",3,0.122447085872152,0.0408156952907174,"SG",-1.37808111298475
"354","Zach LaVine",76,3.02383108556752,0.0397872511258884,"SG",1.53581447525398
"356","Dalen Terry",37,1.51258766899736,0.0408807478107394,"SG",0.0180541495745872
"364","AJ Green",35,1.25480344882673,0.0358515271093351,"SG",-0.240841709074809
"369","Vince Williams Jr.",15,0.476551502465314,0.0317701001643543,"SG",-1.02244969797901
"371","Theo Pinson",40,1.55361475657376,0.038840368914344,"SG",0.0592581575582659
"372","Jaden Hardy",48,1.5512395020838,0.0323174896267459,"SG",0.0568726602990403
"375","Aaron Wiggins",70,2.45585886618943,0.0350836980884204,"SG",0.965392998999286
"376","Lindy Waters III",41,1.49777315813152,0.036531052637354,"SG",0.00317575434719868
"382","Tyrese Martin",16,0.610372996541831,0.0381483122838644,"SG",-0.888051127764926
"384","Trent Forrest",23,0.719546122814132,0.031284614035397,"SG",-0.778407216089503
"386","Wendell Moore Jr.",28,1.01645784540478,0.0363020659073137,"SG",-0.480215126161352
"389","Landry Shamet",40,0.957097402512114,0.0239274350628028,"SG",-0.539831548075517
"390","Duane Washington Jr.",31,0.420861179312928,0.0135761670746106,"SG",-1.07838017355838
"394","Shake Milton",76,2.54169813518586,0.0334433965156034,"SG",1.05160243120564
"395","Furkan Korkmaz",37,1.4116555639636,0.0381528530800972,"SG",-0.0833132032475157
"396","Jaden Springer",16,0.601995760219148,0.0376247350136968,"SG",-0.896464489100366
"402","Keon Johnson",40,0.989139999313131,0.0247284999828283,"SG",-0.50765077453296
"405","Johnny Davis",28,0.628092870155212,0.022431888219829,"SG",-0.870254841043969
"410","Ty Jerome",45,1.68782136424567,0.0375071414276815,"SG",0.194043502086503
"415","Dru Smith",15,0.565335457572339,0.0376890305048226,"SG",-0.933282881342568
"417","David Duke Jr.",23,0.693201470015585,0.0301391943485037,"SG",-0.80486547448323
"427","Blake Wesley",34,0.200397161982188,0.0058940341759467,"SG",-1.29979489409619
"430","Garrett Temple",25,0.952049547839029,0.0380819819135611,"SG",-0.544901170525878
"431","Dereon Seabron",5,0.17952085706671,0.035904171413342,"SG",-1.3207612235439
"432","Seth Curry",61,1.85398008110319,0.0303931160836588,"SG",0.3609187423337
"436","Malaki Branham",63,1.02214934468162,0.0162245927727242,"SG",-0.474499083529631
"440","Quentin Grimes",71,1.82389411658026,0.0256886495292994,"SG",0.330703038621102
"449","Frank Ntilikina",47,1.30773516548235,0.0278241524570713,"SG",-0.187681735883768
"450","JD Davison",12,0.467361919734333,0.0389468266445277,"SG",-1.03167890879026
"451","Alec Burks",50,2.30075296099325,0.046015059219865,"SG",0.809618233263909
"457","A.J. Lawson",15,0.584742241829043,0.0389828161219362,"SG",-0.913792409542403
"460","Keon Ellis",16,0.671747967002427,0.0419842479376517,"SG",-0.826411491070098
"462","Gary Harris",48,1.34116110232768,0.0279408562984933,"SG",-0.154111656943314
"469","Kendall Brown",6,0.226171506026893,0.0376952510044822,"SG",-1.27390940378898
"477","Bogdan Bogdanovic",54,1.25469922397099,0.0232351708142776,"SG",-0.240946383377607
"480","Trevelin Queen",7,0.227436814220298,0.0324909734600425,"SG",-1.27263863922872
"481","Victor Oladipo",42,0.816351359063095,0.0194369371205499,"SG",-0.681184528277797
"483","Alondes Williams",1,0.0242059916232036,0.0242059916232036,"SG",-1.4767458506223
"490","Gary Payton II",22,1.02929964447967,0.0467863474763484,"SG",-0.467317949616201
"494","Jared Rhoden",14,0.581681613392961,0.0415486866709258,"SG",-0.916866236274085
"498","Danny Green",11,0.326025655666128,0.029638695969648,"SG",-1.17362465480999
"505","Stanley Umude",1,0.0594298629106232,0.0594298629106232,"SG",-1.44137008403785
"511","Johnny Juzang",18,0.381815168399902,0.0212119537999946,"SG",-1.1175945619157
"514","Sam Merrill",5,0.259241076357529,0.0518482152715058,"SG",-1.24069722811643
"522","Xavier Moon",4,0.111637998746237,0.0279094996865592,"SG",-1.388936811952
"525","Kobi Simmons",5,0.185099000936614,0.0370198001873228,"SG",-1.3151590251397
"526","Lester Quinones",4,0.173310703122831,0.0433276757807077,"SG",-1.3269981574283
"528","Shaquille Harrison",4,0.252968466550572,0.0632421166376431,"SG",-1.24699688719126
"529","Nate Williams",4,0.0792012288391976,0.0198003072097994,"SG",-1.42151345838651
"530","Jay Scrubb",2,0.128307870798836,0.0641539353994179,"SG",-1.37219505469557
"532","Donovan Williams",2,0.0826149011758324,0.0413074505879162,"SG",-1.41808506532911
"534","Gabe York",3,0.09830643998918,0.0327688133297267,"SG",-1.40232586016161
"535","Mac McClung",2,0.107339606004312,0.0536698030021561,"SG",-1.39325374057934
"1","Tobias Harris",74,4.3831300815783,0.0592314875888959,"SF",1.84584507982532
"8","Danuel House Jr.",56,1.94452563259094,0.0347236720105525,"SF",0.0318831858465063
"11","Jaylen Brown",67,3.44465507280816,0.0514127622807188,"SF",1.1477581452807
"12","Jayson Tatum",74,6.70727818626399,0.0906388944089729,"SF",3.57466834167642
"20","Sam Hauser",80,3.54518439369794,0.0443148049212242,"SF",1.22253712692216
"28","Juan Toscano-Anderson",52,1.84324233777535,0.0354469680341414,"SF",-0.0434566411469144
"30","Matt Ryan",33,0.910190842904469,0.0275815406940748,"SF",-0.737509281589928
"31","Cole Swider",7,0.2500405983069,0.0357200854724143,"SF",-1.22856365840698
"34","Andrew Wiggins",36,1.33444752317278,0.0370679867547994,"SF",-0.42192491054023
"37","Klay Thompson",68,1.63192787192221,0.0239989392929737,"SF",-0.200643424293834
"47","Franz Wagner",80,2.76281301441128,0.0345351626801409,"SF",0.640568259623912
"51","Caleb Houstan",51,1.45844125054376,0.028596887265564,"SF",-0.329691872649743
"54","Chuma Okeke",27,0.99879914013239,0.0369925607456441,"SF",-0.671597782605932
"56","Saddiq Bey",76,3.52725172068329,0.046411206851096,"SF",1.20919786416504
"63","Kevin Knox II",62,2.5381803092092,0.0409383920840193,"SF",0.473474671507499
"65","Hamidou Diallo",55,2.85596265791892,0.051926593780344,"SF",0.709857850164413
"66","Deni Avdija",76,3.44139296259467,0.0452814863499299,"SF",1.1453316166062
"76","Buddy Hield",80,3.29826442828646,0.0412283053535808,"SF",1.03886510569503
"79","Chris Duarte",46,0.991161434307611,0.0215469877023394,"SF",-0.677279108796131
"85","Aaron Nesmith",73,2.16367457011671,0.0296393776728316,"SF",0.194897659941624
"92","KJ Martin",82,5.11947848057373,0.0624326643972406,"SF",2.39357964047728
"97","De'Andre Hunter",67,1.88541989745255,0.0281405954843664,"SF",-0.012082760045691
"102","Jalen Johnson",70,3.77110057374746,0.0538728653392494,"SF",1.39058543094837
"105","Justin Holiday",46,0.895317793280317,0.0194634302887025,"SF",-0.748572635991938
"106","Brandon Ingram",45,1.99170518756797,0.0442601152792882,"SF",0.066977813406441
"112","Trey Murphy III",79,3.53582066244616,0.0447572235752678,"SF",1.21557189248931
"115","Naji Marshall",77,2.86149037456665,0.0371622126567098,"SF",0.713969655735779
"118","Royce O'Neale",76,2.71533225700525,0.035728056013227,"SF",0.60524958189922
"127","Yuta Watanabe",58,2.3124941425339,0.0398705886643776,"SF",0.305597463493243
"128","Kessler Edwards",36,1.32215836364564,0.0367266212123789,"SF",-0.431066231963027
"129","DeMar DeRozan",73,3.83608934997,0.0525491691776712,"SF",1.43892749136451
"134","Javonte Green",32,1.77856184527797,0.0555800576649364,"SF",-0.0915693839587984
"139","Caleb Martin",71,2.73458853155525,0.0385153314303556,"SF",0.619573408901256
"143","Max Strus",80,1.68093617134549,0.0210117021418186,"SF",-0.164188480697121
"146","Duncan Robinson",42,0.9862641711367,0.0234824802651595,"SF",-0.680921950004146
"153","Isaac Okoro",76,2.71592058689103,0.0357357971959346,"SF",0.60568721252617
"156","Cedi Osman",77,3.10116625557891,0.0402748864360898,"SF",0.892253147034489
"158","OG Anunoby",67,3.20424556742971,0.0478245607079062,"SF",0.968928945699811
"159","Scottie Barnes",77,3.26551263117722,0.0424092549503535,"SF",1.01450260117317
"175","Cam Reddish",40,0.707593303559269,0.0176898325889817,"SF",-0.888211957597377
"181","John Konchar",72,3.90397009620984,0.0542218068918033,"SF",1.48942075076336
"188","Luguentz Dort",74,1.86416427401816,0.0251914091083535,"SF",-0.0278938076138014
"199","Eugene Omoruyi",40,1.62656721283838,0.0406641803209594,"SF",-0.204630963686999
"201","Jaden McDaniels",78,2.0639134487035,0.0264604288295321,"SF",0.1206901053629
"212","Gordon Hayward",50,2.08323645472797,0.0416647290945593,"SF",0.135063570735709
"215","Kelly Oubre Jr.",48,1.60677342630434,0.0334744463813405,"SF",-0.219354620295269
"217","Jalen McDaniels",78,3.19546941057136,0.0409675565457866,"SF",0.962400779919072
"219","Cody Martin",7,0.181506096783702,0.0259294423976717,"SF",-1.27954321527507
"227","Keldon Johnson",61,1.65829182747342,0.0271851119257938,"SF",-0.181032531365173
"233","Doug McDermott",63,1.42855524660374,0.0226754801048213,"SF",-0.351922649901465
"240","Michael Porter Jr.",62,3.40721101001064,0.0549550162904942,"SF",1.11990528743052
"245","Bruce Brown",80,3.15812892117667,0.0394766115147083,"SF",0.934624965398345
"265","Simone Fontecchio",52,1.1682969177065,0.0224672484174327,"SF",-0.545516445486577
"268","Leandro Bolmaro",14,0.374875717238841,0.0267768369456315,"SF",-1.13570474934246
"269","Reggie Bullock Jr.",78,2.44294423904477,0.0313197979364714,"SF",0.402633087386587
"274","Tim Hardaway Jr.",71,2.50970139101045,0.0353479069156401,"SF",0.452290558431792
"278","Mikal Bridges",82,3.4811722289242,0.0424533198649292,"SF",1.17492152132492
"290","Josh Hart",76,5.24242707788334,0.0689793036563598,"SF",2.48503525581104
"298","Nassir Little",54,1.78626649367007,0.0330790091420382,"SF",-0.085838262375888
"316","Jordan Nwora",62,2.23289747586867,0.0360144754172367,"SF",0.246389287981872
"317","Wesley Matthews",52,1.81247182531466,0.0348552274098972,"SF",-0.0663453622287966
"320","Paul George",56,2.79985476282684,0.0499974064790506,"SF",0.668121854935394
"330","Kawhi Leonard",52,4.57280555171006,0.0879385683021165,"SF",1.98693564298918
"337","Joe Harris",74,2.3794198381401,0.0321543221370283,"SF",0.355380306138379
"338","Braxton Key",3,0.156680997727467,0.0522269992424888,"SF",-1.29800942602973
"340","Buddy Boeheim",10,0.205301212313963,0.0205301212313963,"SF",-1.26184316028967
"344","Svi Mykhailiuk",32,1.11948043910992,0.0349837637221851,"SF",-0.581828702691387
"353","Lamar Stevens",62,2.6439776885729,0.0426448014285952,"SF",0.55217231135158
"363","MarJon Beauchamp",52,1.50240639513128,0.0288924306756015,"SF",-0.296988292133378
"374","Tyler Dorsey",3,0.154266666926432,0.0514222223088105,"SF",-1.29980533191121
"377","Amir Coffey",50,1.43271456730411,0.0286542913460822,"SF",-0.348828729008131
"378","Keegan Murray",80,3.39157737724063,0.0423947172155079,"SF",1.10827617139203
"380","Troy Brown Jr.",76,2.58748705356467,0.0340458822837456,"SF",0.510151614098218
"381","AJ Griffin",72,1.9718451965742,0.0273867388413084,"SF",0.0522049104485984
"392","Brandon Boston Jr.",22,0.732633847176316,0.0333015385080144,"SF",-0.869585487878313
"399","Justin Jackson",23,0.899857669063536,0.0391242464810233,"SF",-0.745195638267861
"400","Malcolm Hill",4,0.184361856686508,0.0460904641716269,"SF",-1.27741895127473
"401","Dillon Brooks",73,-0.152858908120972,-0.00209395764549277,"SF",-1.52826144337023
"403","Jabari Walker",55,2.12204830026303,0.0385826963684188,"SF",0.163933857126287
"412","Jae'Sean Tate",31,1.26722445709334,0.0408782082933334,"SF",-0.471928952940452
"413","Jack White",17,0.756832069615992,0.044519533506823,"SF",-0.85158558083073
"419","Chima Moneke",2,0.0518491885305849,0.0259245942652924,"SF",-1.37598882413956
"424","Justin Champagnie",5,0.1912775172483,0.0382555034496601,"SF",-1.27227472022242
"425","Jordan Schakel",2,0.0979330346730565,0.0489665173365283,"SF",-1.34170924228071
"434","Anthony Lamb",61,2.89792491810775,0.0475069658706189,"SF",0.741071580213734
"435","Patrick Baldwin Jr.",31,1.18218603661443,0.0381350334391751,"SF",-0.535184990358468
"441","Otto Porter Jr.",8,0.491318920878735,0.0614148651098419,"SF",-1.04908818702818
"442","Jordan Hall",9,0.218546211688607,0.0242829124098452,"SF",-1.25199083505449
"445","Corey Kispert",74,2.54974558891453,0.034456021471818,"SF",0.482077533151334
"448","Jarrett Culver",10,0.425205661290059,0.0425205661290059,"SF",-1.09826669715121
"459","Ish Wainright",60,2.3524417465177,0.0392073624419616,"SF",0.335312586588527
"465","Pat Connaughton",61,3.113436667962,0.0510399453764262,"SF",0.901380523348254
"466","Julian Champagnie",15,0.593582603251991,0.0395721735501327,"SF",-0.973019096348034
"473","Josh Minott",14,0.714530881447396,0.0510379201033854,"SF",-0.883051423288175
"478","T.J. Warren",42,1.65735671808216,0.0394608742400515,"SF",-0.181728114776888
"479","Khris Middleton",33,1.16475802721923,0.0352956977945221,"SF",-0.548148857845842
"482","Ziaire Williams",37,0.832431917040353,0.0224981599200095,"SF",-0.795350449103914
"487","Stanley Johnson",29,1.41611270329289,0.048831472527341,"SF",-0.361178066227571
"489","Joe Ingles",46,1.66081861754804,0.0361047525553922,"SF",-0.179152972377512
"491","Sterling Brown",4,0.172985371733657,0.0432463429334143,"SF",-1.28588137747938
"493","PJ Dozier",16,0.631393698231221,0.0394621061394513,"SF",-0.944893220710262
"496","Joe Wieskamp",9,0.286114493742391,0.0317904993047101,"SF",-1.20173000290597
"501","Darius Days",4,0.189051680023147,0.0472629200057868,"SF",-1.27393041469567
"518","Dylan Windler",3,0.119914096802132,0.0399713656007107,"SF",-1.32535857536223
"524","Xavier Sneed",4,0.148063155467517,0.0370157888668793,"SF",-1.30441982910857
"533","Justin Minaya",3,0.00882163697589375,0.00294054565863125,"SF",-1.40799497378135
"2","P.J. Tucker",75,2.72075119872609,0.0362766826496812,"PF",0.112394643075829
"9","Georges Niang",78,2.79804551891189,0.0358723784475883,"PF",0.157107328536131
"17","Grant Williams",79,3.55582865855215,0.0450104893487614,"PF",0.595464494863624
"22","LeBron James",55,4.4185097562554,0.0803365410228255,"PF",1.09450230878624
"35","Draymond Green",72,5.18453703121454,0.0720074587668686,"PF",1.53762848567646
"41","JaMychal Green",57,2.99743327430481,0.0525865486720142,"PF",0.272447782661217
"42","Jonathan Kuminga",67,2.68713805925201,0.0401065381977912,"PF",0.0929503458878197
"46","Paolo Banchero",72,3.09383495797984,0.0429699299719422,"PF",0.328213564023212
"52","Bol Bol",70,3.77931988198759,0.0539902840283941,"PF",0.724748157008353
"57","Bojan Bogdanovic",58,2.14982350556413,0.0370659225097263,"PF",-0.217871672787547
"67","Kyle Kuzma",64,2.36786534347103,0.0369978959917348,"PF",-0.0917403336143334
"71","Rui Hachimura",63,3.09515060908895,0.0491293747474437,"PF",0.328974632806481
"73","Anthony Gill",59,2.43337957332177,0.0412437215817249,"PF",-0.0538421135970162
"77","Terry Taylor",31,1.26693579564393,0.0408688966336751,"PF",-0.728598468437441
"84","Oshae Brissett",65,3.11699951577388,0.0479538387042135,"PF",0.34161363771533
"88","Jabari Smith Jr.",79,2.91963287910254,0.0369573782164878,"PF",0.227442346414353
"93","Tari Eason",82,4.52079941842676,0.0551317002247165,"PF",1.15367412735601
"98","John Collins",71,4.09911087055516,0.0577339559233122,"PF",0.909738643379029
"107","Zion Williamson",29,2.69321043043547,0.0928693251874302,"PF",0.0964630493060239
"109","Herbert Jones",66,2.83419887546187,0.0429424072039677,"PF",0.1780210729855
"117","Kevin Durant",47,4.54341285217142,0.0966683585568386,"PF",1.1667553906076
"125","Markieff Morris",35,1.38494593739851,0.0395698839256717,"PF",-0.660332775218135
"130","Patrick Williams",81,3.05168734924122,0.0376751524597682,"PF",0.303832305893202
"138","Jimmy Butler",64,6.70023371528389,0.104691151801311,"PF",2.41441825399465
"147","Haywood Highsmith",54,2.25218687075511,0.0417071642732428,"PF",-0.158657219003093
"149","Evan Mobley",79,6.38524155604599,0.0808258424815948,"PF",2.23220376133062
"154","Kevin Love",62,4.38638946688447,0.0707482172078141,"PF",1.07592158523392
"155","Dean Wade",44,1.98269392448187,0.045061225556406,"PF",-0.314551640630985
"160","Pascal Siakam",71,4.46594329697092,0.0629006098164918,"PF",1.12194133640409
"166","Thaddeus Young",54,2.68438322910766,0.0497108005390308,"PF",0.0913567507382053
"167","Juancho Hernangomez",42,1.63309321379441,0.0388831717570099,"PF",-0.516786249540046
"169","Julius Randle",77,5.70383633211584,0.074075796520985,"PF",1.83802916512019
"176","Obi Toppin",67,2.87613621574049,0.042927406205082,"PF",0.202280696466404
"179","Santi Aldama",77,3.94535817948204,0.0512384179153511,"PF",0.820796846645418
"183","Brandon Clarke",56,4.6282000033114,0.0826464286305608,"PF",1.21580247726137
"185","David Roddy",70,1.97096315437009,0.0281566164910013,"PF",-0.321337575651233
"187","Jake LaRavia",35,1.14129431755097,0.0326084090728849,"PF",-0.801278684489981
"189","Kenrich Williams",53,3.28027934450361,0.0618920631038418,"PF",0.436066627358758
"190","Aleksej Pokusevski",34,1.6241888966735,0.0477702616668675,"PF",-0.52193715752021
"191","Josh Giddey",76,3.36751804701772,0.0443094479870753,"PF",0.486531870550004
"194","Jeremiah Robinson-Earl",43,2.01836893765391,0.0469388125035794,"PF",-0.293914604961098
"197","Ousmane Dieng",39,1.41256460681824,0.0362196053030317,"PF",-0.644356117740225
"202","Karl-Anthony Towns",28,2.06234382647106,0.0736551366596807,"PF",-0.268476314448853
"206","Kyle Anderson",68,4.07456899117251,0.0599201322231252,"PF",0.895541826189832
"209","Taurean Prince",53,1.54248331220097,0.029103458720773,"PF",-0.56920164073306
"213","P.J. Washington",73,2.48904419497749,0.0340964958216094,"PF",-0.0216416270234105
"221","JT Thor",69,2.33703434031465,0.0338700629031109,"PF",-0.10957523976582
"228","Jeremy Sochan",55,1.56279582599549,0.0284144695635543,"PF",-0.557451397791287
"236","Keita Bates-Diop",64,3.11006006403639,0.0485946885005687,"PF",0.337599351516045
"238","Isaiah Roby",41,1.53043060267799,0.0373275756750729,"PF",-0.576173809044394
"241","Aaron Gordon",68,5.14679711872791,0.0756881929224693,"PF",1.51579696128686
"248","Jeff Green",56,2.12085448213418,0.0378724014666817,"PF",-0.234629473743709
"253","Vlatko Cancar",60,2.485353922914,0.0414225653819001,"PF",-0.0237763501653021
"254","Zeke Nnaji",53,2.36208267160597,0.0445675975774711,"PF",-0.0950854537680673
"255","Lauri Markkanen",66,6.43176255764627,0.0974509478431252,"PF",2.2591149096123
"257","Jarred Vanderbilt",78,5.65073797650325,0.0724453586731186,"PF",1.80731319443492
"262","Rudy Gay",56,2.10663525231489,0.0376184866484802,"PF",-0.242854915779671
"270","Dorian Finney-Smith",66,2.18171054971063,0.0330562204501611,"PF",-0.199425875324623
"276","Maxi Kleber",37,1.49538455594326,0.0404157988092772,"PF",-0.596447004545829
"279","Cameron Johnson",41,2.46443099776887,0.0601080731163139,"PF",-0.0358796996568949
"283","Torrey Craig",79,3.89635459307104,0.0493209442160891,"PF",0.792449589817814
"288","Dario Saric",57,2.87758987810386,0.0504840329491905,"PF",0.203121601048558
"291","Jerami Grant",63,3.36638161278424,0.053434628774353,"PF",0.485874473909397
"295","Justise Winslow",29,1.12761929375794,0.0388834239226876,"PF",-0.809189317975728
"299","Harrison Barnes",82,4.63842539558045,0.0565661633607372,"PF",1.2217175916855
"300","KZ Okpala",35,1.26712575360717,0.0362035929602049,"PF",-0.728488582864466
"307","Trey Lyles",74,4.07269793580157,0.0550364585919131,"PF",0.894459470978235
"310","Giannis Antetokounmpo",63,8.09566658489685,0.128502644204712,"PF",3.22163864004621
"314","Bobby Portis",70,6.14325756017344,0.087760822288192,"PF",2.09222252767893
"321","Marcus Morris Sr.",65,1.97997813700738,0.0304612021078058,"PF",-0.316122650646105
"326","Nicolas Batum",78,3.41360358397095,0.0437641485124481,"PF",0.513191114244826
"327","Robert Covington",48,2.53955653663408,0.0529074278465433,"PF",0.00757840413703717
"334","James Johnson",18,0.598138019905028,0.0332298899947238,"PF",-1.11547999493618
"347","Isaiah Livers",51,1.52837468603629,0.0299681310987508,"PF",-0.577363101529427
"352","Isaiah Mobley",12,0.569876070488147,0.0474896725406789,"PF",-1.13182877259196
"355","Derrick Jones Jr.",63,3.12627645211495,0.0496234357478564,"PF",0.346980095893067
"366","Thanasis Antetokounmpo",37,1.41224473455866,0.0381687766096936,"PF",-0.644541155239688
"368","Kenneth Lofton Jr.",24,1.12141760130176,0.0467257333875735,"PF",-0.812776830272208
"379","Chimezie Metu",66,3.57090186729924,0.0541045737469581,"PF",0.60418394074226
"397","Chris Boucher",76,5.22367210648477,0.0687325277169049,"PF",1.56026707421462
"404","Greg Brown III",16,0.630899225499576,0.0394312015937235,"PF",-1.09652851858542
"407","Isaiah Todd",6,0.168870982598293,0.0281451637663822,"PF",-1.36379943123416
"414","Nikola Jovic",15,0.525866532018577,0.0350577688012385,"PF",-1.15728710699626
"423","Admiral Schofield",37,1.41872488771551,0.0383439158842029,"PF",-0.640792560916843
"428","Micah Potter",7,0.411356308769245,0.0587651869670349,"PF",-1.22352819148771
"438","Ron Harper Jr.",9,0.377623554051222,0.0419581726723581,"PF",-1.24304168287738
"444","Dominick Barlow",26,1.3357370823199,0.05137450316615,"PF",-0.688798774449418
"446","Trendon Watford",61,3.09577810536118,0.0507504607436259,"PF",0.329337622523967
"454","Jamal Cain",18,0.885019304319865,0.0491677391288814,"PF",-0.949526887338435
"458","Davis Bertans",45,1.74223680833669,0.038716373518593,"PF",-0.453649615424565
"467","Michael Foster Jr.",1,0.0421331708657008,0.0421331708657008,"PF",-1.43711384681223
"474","Mfiondu Kabengele",4,0.226956304350364,0.0567390760875909,"PF",-1.33019863475755
"476","Alize Johnson",4,0.22734369038281,0.0568359225957024,"PF",-1.32997454235621
"492","Andre Iguodala",7,0.240609346389335,0.0343727637699049,"PF",-1.32230071712534
"497","Jonathan Isaac",11,0.773540371446187,0.0703218519496534,"PF",-1.01401445187163
"500","Deonte Burton",2,0.0579166099650723,0.0289583049825362,"PF",-1.42798355177586
"502","Chris Silva",1,0.0372460694210339,0.0372460694210339,"PF",-1.4399409035634
"509","Jae Crowder",18,0.975269655943419,0.0541816475524122,"PF",-0.897319486133201
"520","Xavier Cooks",10,0.570194177744075,0.0570194177744075,"PF",-1.13164475609964
"521","Jarrell Brantley",4,0.233539713395803,0.0583849283489507,"PF",-1.32639030968013
"523","Luka Samanic",7,0.245939892848908,0.0351342704069869,"PF",-1.31921713935914
"536","Louis King",1,0.0734942245050385,0.0734942245050385,"PF",-1.41897232071163
"537","RaiQuan Gray",1,0.0335606363950196,0.0335606363950196,"PF",-1.44207282745226
"3","Joel Embiid",66,8.39707206987237,0.127228364695036,"C",1.82723679081557
"6","Montrezl Harrell",57,3.36396277988569,0.0590168908751876,"C",-0.158844341432515
"13","Al Horford",63,3.94388256732292,0.0626013105924273,"C",0.0699938740097417
"16","Noah Vonleh",23,0.968773132845255,0.042120570993272,"C",-1.10399388857369
"19","Blake Griffin",41,2.36609385556225,0.0577096062332256,"C",-0.552606632070303
"23","Anthony Davis",56,8.35648322003184,0.149222914643426,"C",1.81122029997395
"29","Wenyen Gabriel",68,4.21597976437673,0.0619997024173048,"C",0.177364304109738
"36","Kevon Looney",81,8.14257488121086,0.100525615817418,"C",1.72681138069853
"40","James Wiseman",45,2.56032889994793,0.0568961977766206,"C",-0.475960858126304
"48","Wendell Carter Jr.",57,4.58812333053814,0.080493391763827,"C",0.324213353605077
"53","Mo Bamba",49,2.95642614954474,0.0603352275417294,"C",-0.319659608017413
"58","Isaiah Stewart",49,3.09416475209853,0.0631462194305823,"C",-0.265307511936656
"62","Jalen Duren",66,5.95550056674555,0.0902348570719022,"C",0.863784813914903
"68","Kristaps Porzingis",65,7.00082613367683,0.107705017441182,"C",1.27627364853432
"75","Daniel Gafford",78,6.28461923881844,0.0805720415233134,"C",0.9936561016644
"78","Jalen Smith",68,4.1922635521469,0.0616509345903955,"C",0.168005810398551
"81","Isaiah Jackson",63,3.74152518281944,0.0593892886161815,"C",-0.0098570014983684
"86","Goga Bitadze",38,2.32541810714497,0.0611952133459203,"C",-0.568657413370114
"89","Bruno Fernando",39,2.26655052396875,0.0581166801017627,"C",-0.591886751242819
"94","Alperen Sengun",75,6.66897008236381,0.0889196010981841,"C",1.14532218212241
"99","Clint Capela",65,7.9459555575129,0.122245470115583,"C",1.64922476246062
"104","Onyeka Okongwu",80,7.10974535091222,0.0888718168864027,"C",1.31925352237111
"108","Jonas Valanciunas",79,7.49283147774227,0.094845968072687,"C",1.47042054154093
"113","Larry Nance Jr.",65,5.10088846625553,0.078475207173162,"C",0.526552127243277
"119","Nic Claxton",76,8.57596508586293,0.112841645866618,"C",1.89782855095411
"122","Day'Ron Sharpe",48,2.758032083983,0.0574590017496458,"C",-0.397946545109376
"131","Nikola Vucevic",81,7.94319484475418,0.0980641338858541,"C",1.64813537631663
"136","Andre Drummond",67,5.42698159536212,0.0809997253039123,"C",0.655229525996137
"140","Bam Adebayo",75,7.2795678953567,0.0970609052714227,"C",1.386266045231
"145","Dewayne Dedmon",38,2.17067938453418,0.0571231416982679,"C",-0.629717811565099
"150","Jarrett Allen",68,7.76264509931371,0.114156545578143,"C",1.57688986540255
"163","Precious Achiuwa",55,3.22546971302474,0.058644903873177,"C",-0.213494151558225
"164","Christian Koloko",58,2.63205525327591,0.0453802629875158,"C",-0.447657408146966
"170","Mitchell Robinson",59,6.41512281155344,0.108730895111075,"C",1.04515323168214
"174","Isaiah Hartenstein",82,5.93936995340678,0.0724313408952046,"C",0.857419621951466
"180","Steven Adams",42,5.04555158356954,0.12013218056118,"C",0.50471601515274
"186","Xavier Tillman",61,4.32922416698827,0.0709708879834142,"C",0.222050910022896
"196","Darius Bazley",43,1.97655363830517,0.0459663636815157,"C",-0.70632045610454
"198","Mike Muscala",63,3.22629956779648,0.0512111042507378,"C",-0.213166688193193
"203","Rudy Gobert",69,8.85521100812815,0.128336391422147,"C",2.00801989104115
"214","Mason Plumlee",79,7.58358991481548,0.0959948090482972,"C",1.50623411304871
"220","Nick Richards",65,5.05093895916832,0.0777067532179742,"C",0.506841890911163
"224","Mark Williams",43,3.64200136236425,0.0846977061014942,"C",-0.0491294215128788
"225","Kai Jones",46,2.27498272049457,0.049456146097708,"C",-0.588559379342379
"229","Jakob Poeltl",71,6.80605226204526,0.095859891014722,"C",1.19941525162409
"234","Zach Collins",61,3.76404189862927,0.0617056048955618,"C",-0.000971832936845361
"239","Gorgui Dieng",30,1.19324275344931,0.0397747584483102,"C",-1.01541745349974
"242","Nikola Jokic",69,10.0884429359713,0.146209317912628,"C",2.4946571807277
"249","DeAndre Jordan",39,2.86826086015064,0.0735451502602728,"C",-0.354449915101184
"256","Kelly Olynyk",68,4.1578123796641,0.0611442997009427,"C",0.154411266805382
"261","Walker Kessler",74,7.23639594443285,0.0977891343842277,"C",1.36923025438442
"271","JaVale McGee",42,1.97778624935099,0.0470901487940713,"C",-0.7058340638169
"275","Christian Wood",67,5.69518301331183,0.0850027315419676,"C",0.761062669117395
"280","Deandre Ayton",67,6.77840776238035,0.101170265110154,"C",1.18850664304208
"284","Jock Landale",69,4.00822818511607,0.0580902635524069,"C",0.0953848619813473
"289","Bismack Biyombo",61,3.86549727897073,0.0633688078519791,"C",0.0390627868283371
"292","Jusuf Nurkic",52,4.45944634780511,0.0857585836116368,"C",0.273437001883662
"296","Drew Eubanks",77,5.39815153285124,0.0701058640630031,"C",0.643853090497643
"301","Domantas Sabonis",79,9.76128954333666,0.123560627130844,"C",2.36556139857265
"308","Richaun Holmes",42,1.97335450596271,0.0469846310943501,"C",-0.707582844027962
"311","Brook Lopez",78,5.4729279305362,0.0701657426991821,"C",0.673360097801269
"318","Serge Ibaka",16,0.627067149756185,0.0391916968597616,"C",-1.23883216978083
"319","Paul Reed",69,4.12470544012422,0.0597783397119452,"C",0.141347161859868
"322","Ivica Zubac",76,7.82445707369707,0.102953382548646,"C",1.60128106952642
"331","Damian Jones",41,2.36187021979387,0.0576065907266797,"C",-0.554273292344452
"332","Willy Hernangomez",37,2.51859649661739,0.0680701755842537,"C",-0.492428598857276
"342","Jericho Sims",52,3.58195628996449,0.0688837748070094,"C",-0.0728234004246615
"346","Naz Reid",68,4.06054277504604,0.0597138643389123,"C",0.11602836761869
"349","Luke Kornet",69,3.77310673200016,0.0546827062608719,"C",0.00260517949972535
"351","Robin Lopez",37,1.57642334039345,0.04260603622685,"C",-0.864213160064757
"357","Tony Bradley",11,0.534751606829122,0.0486137824390111,"C",-1.27526018027237
"358","Marko Simonovic",6,0.204971925264567,0.0341619875440944,"C",-1.4053923044957
"359","Usman Garuba",75,4.20893119152868,0.0561190825537157,"C",0.174582914567763
"362","Boban Marjanovic",31,1.75998731624358,0.0567737843949542,"C",-0.791778224125316
"365","Sandro Mamukelashvili",41,2.01363525836428,0.0491130550820557,"C",-0.691687929427818
"370","Dwight Powell",76,5.11829600552327,0.0673460000726746,"C",0.533421198289936
"385","Jaxson Hayes",47,2.34913334111768,0.0499815604493124,"C",-0.559299305682336
"387","Nathan Knight",37,1.70360149994899,0.0460432837824051,"C",-0.814028248795333
"388","Jaylin Williams",49,3.26725058177868,0.0666785833016057,"C",-0.19700728621512
"393","Moses Brown",36,2.42803080160621,0.067445300044617,"C",-0.528166113726759
"398","Khem Birch",20,0.799233300271809,0.0399616650135905,"C",-1.17089485241895
"406","Taj Gibson",48,2.11634976226032,0.04409062004709,"C",-0.651156455453669
"411","Myles Turner",62,5.294726220822,0.085398810013258,"C",0.603041129345358
"416","Udonis Haslem",7,0.278195696718975,0.0397422423884249,"C",-1.37649796850205
"418","Moussa Diabate",22,1.08190507409587,0.0491775033679941,"C",-1.05935166027568
"420","Alex Len",26,1.34522208670682,0.0517393110271856,"C",-0.95544591922869
"422","Frank Kaminsky",36,1.70953948279569,0.0474872078554359,"C",-0.811685101643947
"426","Vernon Carey Jr.",11,0.508791561505939,0.0462537783187217,"C",-1.28550409774725
"429","Udoka Azubuike",36,2.25385920086457,0.0626072000240157,"C",-0.596894788205303
"433","Mamadi Diakite",22,0.741192181376811,0.033690553698946,"C",-1.1937980648251
"439","Nerlens Noel",17,0.832052152945495,0.0489442442909114,"C",-1.15794442747846
"443","Charles Bassey",35,2.57488786830451,0.0735682248087003,"C",-0.470215842333474
"447","John Butler Jr.",18,0.456890267560132,0.0253827926422295,"C",-1.30598451545844
"452","Marvin Bagley III",42,2.80951141642566,0.0668931289625156,"C",-0.377632634766023
"456","Jaren Jackson Jr.",63,4.99970011789625,0.0793603193316865,"C",0.486622879158094
"461","Orlando Robinson",31,1.76142122274073,0.0568200394432494,"C",-0.791212400004417
"464","Thomas Bryant",59,4.45821489838556,0.0755629643794163,"C",0.272951067977487
"468","Luka Garza",27,1.32963890774229,0.0492458854719367,"C",-0.961595091825335
"470","Moritz Wagner",57,3.66859382493536,0.0643612951743045,"C",-0.0386359501556086
"485","Neemias Queta",5,0.220496935895714,0.0440993871791428,"C",-1.39926608531071
"488","Robert Williams III",35,3.72659970634732,0.106474277324209,"C",-0.0157466425737302
"499","Daniel Theis",7,0.298680970633144,0.0426687100904492,"C",-1.36841441345372
"508","Cody Zeller",15,0.864381609927867,0.0576254406618578,"C",-1.1451871196536
"510","Meyers Leonard",9,0.462485280750962,0.0513872534167736,"C",-1.30377670523761
"515","Olivier Sarr",9,0.531720117993847,0.0590800131104274,"C",-1.27645641552805
"517","Omer Yurtseven",9,0.470827697569907,0.0523141886188786,"C",-1.3004847606986
"519","Jay Huff",7,0.438707351198413,0.0626724787426304,"C",-1.31315955280307
"539","Chance Comanche",1,0.0544509517775656,0.0544509517775656,"C",-1.46478836530544
