"","player","ROI","salary","gp","PVWS","position","Z_val"
"5","James Harden",0.0148544662059786,3.3e+07,58,5.80849950853391,"PG",0.0975833450838114
"15","Marcus Smart",0.0104636992818876,17207142,61,2.65490958287518,"PG",-0.0520773627052799
"17","Malcolm Brogdon",0.0109941824080986,22600000,67,4.14623629911749,"PG",-0.0339956741275278
"22","Russell Westbrook",-0.00425485430388783,47080179,73,4.04479667917257,"PG",-0.553764012295511
"23","Patrick Beverley",0.0107473197024603,13801614,67,2.65427795889148,"PG",-0.042410069127601
"31","Stephen Curry",0.00628320022881179,48070014,55,5.93381723551767,"PG",-0.194571022243922
"32","Jordan Poole",0.0502633812970541,3901399,81,2.78183840442653,"PG",1.30450764468582
"51","Killian Hayes",-0.00684981788886962,5837760,75,2.02439389878188,"PG",-0.642214183650415
"54","Cory Joseph",-0.00795849110213576,5155500,62,1.7999525064601,"PG",-0.680003667964381
"60","Monte Morris",-0.00365041955166656,9125000,62,3.52981771715459,"PG",-0.533161658676277
"62","Delon Wright",-0.00461178667903872,7804878,50,3.03510562499281,"PG",-0.565930167507447
"69","Tyrese Haliburton",0.0600682145594023,4215120,56,5.41354270569384,"PG",1.63870855108006
"72","T.J. McConnell",-0.0019778060705814,8100000,75,3.6655480730305,"PG",-0.476150088314089
"78","Kevin Porter Jr.",0.020196471987254,3217631,59,3.63094152510766,"PG",0.279667336345682
"88","Trae Young",-0.0164727614588609,37096500,73,4.51657810027107,"PG",-0.970215321173225
"90","Aaron Holiday",0.0211860355434159,1968175,63,1.02967414665245,"PG",0.313396929552941
"96","CJ McCollum",-0.0111279627534698,33333333,75,4.14136181396744,"PG",-0.788036132191416
"97","Jose Alvarado",0.169561927081959,1563518,61,1.71941138035508,"PG",5.37083708303889
"100","Devonte' Graham",-0.0114764260546361,11550000,72,2.08508923768651,"PG",-0.799913616283075
"102","Dyson Daniels",0.0309857181676259,5508600,59,1.8123652779673,"PG",0.647422274783799
"106","Kyrie Irving",-0.000124180043763356,38917057,60,5.32441058659217,"PG",-0.412968646906265
"107","Ben Simmons",-0.0130513648083714,35448672,42,2.72949148258231,"PG",-0.853595912037658
"115","Alex Caruso",0.00391257646407461,9030000,66,2.69067410810146,"PG",-0.275374498416972
"119","Goran Dragic",0.0221574660601567,3523762,57,0.881109936613551,"PG",0.34650845225884
"124","Kyle Lowry",-0.0132664964972931,28333334,55,2.80473704088148,"PG",-0.860928745091316
"126","Gabe Vincent",0.0457791036794986,1815677,68,1.54931705249258,"PG",1.15165959472811
"133","Darius Garland",0.0246140789776579,8920794,69,4.06941168085907,"PG",0.430242896458055
"138","Raul Neto",-0.00146617580901665,2463490,48,0.882057372589103,"PG",-0.45871100571283
"143","Fred VanVleet",-0.00125472981671881,21250000,69,4.4202235068041,"PG",-0.451503800818206
"151","Jalen Brunson",-0.00481262342814881,27733332,68,4.65420332809808,"PG",-0.572775752923734
"159","Ja Morant",0.0294639637855663,12119440,61,4.71542502032246,"PG",0.595552785503782
"161","Tyus Jones",0.0149940916384645,1.5e+07,80,4.08438298290941,"PG",0.102342523016155
"167","Shai Gilgeous-Alexander",-0.0137103503046928,30913750,68,6.35987461976188,"PG",-0.876057645376561
"168","Tre Mann",0.00415613595774689,3046200,67,1.37200025026479,"PG",-0.267072694462919
"177","D'Angelo Russell",-0.00933816027602186,31377750,70,4.06113649985427,"PG",-0.727030137063815
"179","Jordan McLaughlin",0.0375054694215282,2160000,42,1.14075746623352,"PG",0.869650100613985
"189","Dennis Smith Jr.",0.014464233774516,2133278,54,1.91369962724827,"PG",0.0842821467044322
"195","Theo Maledon",0.00700062041296179,2408891,44,1.43490627311237,"PG",-0.170117523709768
"199","Tre Jones",0.041105712920356,1782621,65,3.56579278370878,"PG",0.992365562300485
"208","Jamal Murray",-0.00258583741811524,31650600,65,4.15451148012229,"PG",-0.496875033045404
"211","Bones Hyland",0.0447556233666153,2201520,56,1.62719437739051,"PG",1.11677393792089
"213","Ish Smith",-0.00831223515956425,4725000,43,0.410802304810357,"PG",-0.692061148337674
"221","Mike Conley",-0.0116025497224229,22680000,66,3.55359055352948,"PG",-0.804212582207766
"222","Collin Sexton",-0.0412978982570776,16700000,48,1.64416582205591,"PG",-1.81638812160064
"233","Spencer Dinwiddie",0.0129264110268557,19500000,79,4.51997879612582,"PG",0.0318649619966257
"234","Luka Doncic",0.0157999891548408,37096500,66,8.02543325436909,"PG",0.129811799976539
"241","Chris Paul",0.00686812138270487,28400000,59,4.33659749683618,"PG",-0.174633795921991
"244","Cameron Payne",0.0182541078599792,6e+06,48,1.26109543740328,"PG",0.213461228142325
"253","Damian Lillard",-0.0189153509292477,42492492,58,5.77624094982632,"PG",-1.05347177165128
"260","De'Aaron Fox",-0.0157742494918056,30351780,73,5.38352686553754,"PG",-0.946406315321636
"263","Davion Mitchell",-0.00149932919632056,4833600,80,1.6569264401633,"PG",-0.459841049619804
"269","Jevon Carter",0.0350815048693256,6025000,81,2.66490112911152,"PG",0.787028486483689
"270","Jrue Holiday",0.00566124691656933,34319520,67,5.13012233969897,"PG",-0.215770501635838
"272","George Hill",0.0343119981607087,4e+06,46,1.35808165485395,"PG",0.760799601951427
"280","Reggie Jackson",-0.000594828109974577,11457217,68,1.49689689459275,"PG",-0.429010838151322
"287","Cole Anthony",0.0132506332699749,3613680,60,3.25179818962953,"PG",0.0429161818006083
"289","Miles McBride",0.0360023088917296,1563518,64,0.719080248427952,"PG",0.81841438878971
"293","Payton Pritchard",0.0509828439985627,2239200,48,0.938509850327385,"PG",1.32903076308339
"295","Malachi Flynn",-0.00955867617791839,2145720,53,0.724270545569853,"PG",-0.734546492754551
"300","Daishen Nix",-0.0072322640029332,1563518,57,0.659332345498873,"PG",-0.655249982888106
"317","Jordan Goodwin",0.0435229807585567,1280206,62,2.46125295996569,"PG",1.07475891677257
"333","Dennis Schroder",0.0448204598113324,2641682,66,2.18260180845693,"PG",1.11898390906594
"337","Markelle Fultz",-0.0147508798338204,16500000,60,3.35260618559075,"PG",-0.911524430222337
"4","Tyrese Maxey",0.0924643030273751,2726880,60,3.36067082526765,"SG",1.54092688555055
"7","De'Anthony Melton",0.0524930518722702,8250000,77,3.89114744265572,"SG",0.669129173823314
"10","Matisse Thybulle",0.0199279994217285,4379526,71,1.98045946321474,"SG",-0.0411347630870949
"14","Derrick White",0.0256661275554388,17142857,82,4.55595386268001,"SG",0.0840173608020119
"19","Lonnie Walker IV",0.0280919773380377,6479000,56,1.60703277819827,"SG",0.13692664505877
"24","Austin Reaves",0.199045292122876,1563518,64,3.48121933776531,"SG",3.86552418290625
"25","Kendrick Nunn",-0.00895924636892553,5250000,70,1.1781330860274,"SG",-0.671183461854883
"36","Donte DiVincenzo",0.0581755326228617,4500000,71,4.02484562130823,"SG",0.793067593866166
"37","Moses Moody",0.0405875649691043,3740160,62,1.30800948616936,"SG",0.409463140380851
"41","Terrence Ross",-0.00550614147429873,11500000,63,1.77968563660391,"SG",-0.59586910820085
"42","Jalen Suggs",-0.0137678509907564,6922320,53,1.70412426631289,"SG",-0.776062102997387
"46","R.J. Hampton",-0.0106901467082537,2898243,47,1.03135847727565,"SG",-0.70893546889611
"50","Jaden Ivey",-0.0133830148801123,7252200,73,2.17783259397083,"SG",-0.767668589385625
"59","Bradley Beal",-0.039470559423975,43279250,50,3.11978434160023,"SG",-1.33665407221851
"64","Will Barton",-0.0344688093768878,15059712,56,1.37315822756824,"SG",-1.22756280988194
"71","Bennedict Mathurin",-0.00590151811370898,6586800,78,2.89909149173339,"SG",-0.604492517264798
"75","Eric Gordon",-0.00940890983958431,19568360,69,2.32341719081078,"SG",-0.680990900287232
"77","Jalen Green",-0.0103356145912051,9441840,76,2.8751081140306,"SG",-0.701202904129063
"82","Garrison Mathews",0.0116533447212761,2e+06,54,0.954007505697479,"SG",-0.221610100353741
"83","Josh Christopher",-0.010802021857629,2372160,64,0.827952884066067,"SG",-0.711375535103847
"87","Dejounte Murray",0.00852249203945554,17071120,74,5.31083983778151,"SG",-0.289895933918839
"109","Edmond Sumner",0.104223545935658,1968175,53,1.11540556989938,"SG",1.79740324700606
"110","Cam Thomas",0.0428048395216303,2138160,57,1.25611568158928,"SG",0.457823269856466
"116","Ayo Dosunmu",0.152825083195079,1563518,79,2.56833599431665,"SG",2.85743283689238
"117","Coby White",0.00365816730146795,7413955,73,2.83106840779952,"SG",-0.395989865260144
"123","Tyler Herro",0.0308213016441132,5722116,67,4.27527053394785,"SG",0.19645489638533
"129","Donovan Mitchell",-0.00398772393508218,30913750,68,5.29937450224987,"SG",-0.56275148246032
"132","Caris LeVert",-0.00514024225086107,18796296,74,3.30274455823406,"SG",-0.587888619812385
"142","Gary Trent Jr.",-0.0128823729264501,17280000,66,3.01325969517736,"SG",-0.756749278706464
"148","RJ Barrett",0.0060740928541152,10900634,73,2.80687448876883,"SG",-0.343297034597218
"152","Immanuel Quickley",0.0625765821059761,2316240,81,4.58831769205155,"SG",0.889057205341898
"155","Desmond Bane",0.107325625799568,2130240,58,4.17540997396218,"SG",1.86506152761523
"170","Jalen Williams",0.0272197182471181,4341480,75,4.56475539700455,"SG",0.117902134753947
"173","Isaiah Joe",0.0401268243728157,1836090,73,2.80687448876883,"SG",0.39941410298681
"176","Anthony Edwards",0.0196289083591772,10733400,78,5.26606323690278,"SG",-0.0476581241627461
"180","Jaylen Nowell",0.0098260655328275,1930681,65,1.82383061349894,"SG",-0.261464189708981
"182","Austin Rivers",-0.0301455542361214,2905851,52,1.12357548024022,"SG",-1.13326994113215
"187","Terry Rozier",-0.0238452495512848,21486316,63,2.97325230878472,"SG",-0.995856398931252
"192","Bryce McGowens",0.0108037344180449,1461055,46,0.785492237794235,"SG",-0.240140626589777
"202","Josh Richardson",-0.0128141031649848,12196094,64,2.2715233862307,"SG",-0.755260272980958
"207","Kentavious Caldwell-Pope",0.0194321549236485,14004703,76,3.50818232866705,"SG",-0.0519494382925637
"210","Davon Reed",0.0187959506483533,1902133,43,0.499513341256228,"SG",-0.0658254470579937
"214","Christian Braun",0.0662353511141496,2808600,76,2.02025630827948,"SG",0.968857220524981
"220","Jordan Clarkson",-0.0247598299074256,13340000,61,2.59442478529845,"SG",-1.01580396220817
"225","Malik Beasley",-0.00249447764903776,15558035,81,2.95119583764138,"SG",-0.530182857321038
"226","Talen Horton-Tucker",-0.0186655563140657,10260000,65,1.9448002086524,"SG",-0.882884085551967
"228","Ochai Agbaji",-0.0107024382734329,3918360,59,1.31235761799966,"SG",-0.70920355553556
"229","Nickeil Alexander-Walker",-0.00474593392549116,5009633,58,1.24391345140998,"SG",-0.579288511338458
"237","Josh Green",0.0714270539132309,3098400,60,2.21145967130977,"SG",1.08209146987694
"240","Devin Booker",-0.00576599964980795,33833400,53,3.81302754182155,"SG",-0.601536775742791
"245","Damion Lee",0.149074015614639,2133278,74,2.47611899135208,"SG",2.77561973275731
"246","Josh Okogie",0.0724645220417652,1968175,72,2.50455577154912,"SG",1.10471929148143
"252","Anfernee Simons",-0.0211432990271941,22321429,62,2.7354507089802,"SG",-0.936925186721708
"255","Shaedon Sharpe",-0.00240957562841793,6012960,80,2.49564896656062,"SG",-0.528331091735563
"259","Kevin Huerter",-0.00370715415759171,14508929,75,4.1212002147752,"SG",-0.556632082068102
"261","Malik Monk",0.00443097871173381,9472219,77,3.07661883528909,"SG",-0.379134370383286
"262","Terence Davis",0.0483786941453475,4e+06,64,1.55780277482528,"SG",0.579392486881995
"266","Grayson Allen",0.0387925932579058,8925000,72,3.40376309552318,"SG",0.370313697088078
"279","Norman Powell",0.00443366987263083,16758621,60,2.61872397499309,"SG",-0.379075674499517
"283","Luke Kennard",0.00188501602139124,13745455,58,2.61479692581859,"SG",-0.434663391453223
"284","Terance Mann",0.116071439001453,1930681,81,3.51572061502419,"SG",2.05581312323106
"286","Andrew Nembhard",0.02675684193042,2244111,75,2.42762588262675,"SG",0.107806515976735
"297","Zach LaVine",-0.0152124327208837,37096500,76,5.24207985919998,"SG",-0.807569324070879
"303","Jaden Hardy",0.0350905856732324,1017781,48,1.08770568434999,"SG",0.289570621806509
"304","Aaron Wiggins",0.0383873614089909,1563518,70,2.4281522359465,"SG",0.361475339808939
"312","Shake Milton",0.0804875351068508,1997718,76,2.4194559722859,"SG",1.27970616902895
"318","Ty Jerome",0.0270440153996971,4728948,45,1.43076868260998,"SG",0.114069946971503
"320","Seth Curry",0.0100091558069522,8496653,61,1.646829623263,"SG",-0.257470877580671
"322","Malaki Branham",0.00196395956571283,2925600,63,1.62242516290441,"SG",-0.432941583921401
"323","Quentin Grimes",0.058511769481034,2277000,71,3.13773525684952,"SG",0.800401127720673
"326","Frank Ntilikina",0.0047928819259051,2036318,47,0.470866019731286,"SG",-0.371241037428634
"327","Alec Burks",-0.0200350732937732,10012800,50,2.20041541843393,"SG",-0.912754097987845
"332","Gary Harris",-0.0251780804559635,1.3e+07,48,1.63206886254056,"SG",-1.02492626537875
"338","Bogdan Bogdanovic",-0.0116308780195403,1.8e+07,54,2.55483848156161,"SG",-0.729453400680317
"340","Victor Oladipo",0.00500182647824698,8750000,42,1.24559778203319,"SG",-0.366683827500362
"1","Tobias Harris",0.00332135442399162,37633050,74,5.26648431955858,"SF",-0.461455276850617
"8","Danuel House Jr.",0.0187406211391388,4105000,56,1.14734831661512,"SF",-0.207349695931186
"11","Jaylen Brown",0.0144917572512333,29776785,67,5.17447785792191,"SF",-0.277369888617989
"12","Jayson Tatum",0.0349095569919347,30351780,74,8.23830404049527,"SF",0.0591102410830443
"18","Sam Hauser",0.152500730808827,1637966,80,2.79000831476738,"SF",1.99698277975481
"26","Juan Toscano-Anderson",0.0444197312994072,2133278,52,1.0388967636328,"SF",0.21583548695167
"30","Klay Thompson",-0.00397537417627225,40600080,68,3.69854352638574,"SF",-0.581703502271095
"39","Franz Wagner",0.0127917429552862,5258280,80,4.37471001127772,"SF",-0.305385690421237
"43","Caleb Houstan",0.000504459936304436,2e+06,51,0.861579961405009,"SF",-0.507876979218561
"47","Saddiq Bey",0.0301266947529921,2959080,76,4.01625462831158,"SF",-0.0197101081680792
"53","Kevin Knox II",0.00151642850527933,3e+06,62,1.63059507324526,"SF",-0.491199995426656
"55","Hamidou Diallo",-0.00916290062647374,5200000,55,1.93778827561501,"SF",-0.667192614465286
"56","Deni Avdija",0.0101333265287133,4916160,76,4.16948278217263,"SF",-0.349195714780986
"66","Buddy Hield",-0.011622030356076,21177750,80,5.491662606528,"SF",-0.707718444911099
"68","Chris Duarte",-0.0116447535951082,3936960,46,0.954849671009081,"SF",-0.708092918092043
"74","Aaron Nesmith",0.0202469377587637,3804360,73,2.5649352984619,"SF",-0.182525982407742
"79","KJ Martin",0.0581880471800416,1782621,82,5.26564215424698,"SF",0.44273381939273
"84","De'Andre Hunter",0.00255559265389449,9835881,67,2.65427795889148,"SF",-0.474074835421796
"89","Jalen Johnson",0.0414961188671079,2792640,70,2.81525494043757,"SF",0.167655100087819
"92","Justin Holiday",-0.0083049226139571,5987975,46,0.543553047487313,"SF",-0.653053355749923
"93","Brandon Ingram",-0.00693281941019963,31650600,45,3.02756733863566,"SF",-0.630441445072634
"98","Trey Murphy III",0.171960196434969,3206520,79,4.84256438320171,"SF",2.31766980778676
"101","Naji Marshall",0.173617927289302,1782621,77,2.887099802882,"SF",2.3449887892617
"104","Royce O'Neale",0.0355583930156798,9200000,76,3.72592759994328,"SF",0.0698028931903743
"111","Yuta Watanabe",0.130095777712972,1968175,58,1.86489070653108,"SF",1.6277548698243
"112","DeMar DeRozan",-0.013520239758219,27300000,73,5.33110670763771,"SF",-0.739000451490856
"121","Caleb Martin",0.0231073520812732,6479000,71,3.63371059697871,"SF",-0.135387084266917
"125","Max Strus",0.0646318654606455,1815677,80,2.95936574798222,"SF",0.548926300382996
"127","Duncan Robinson",-0.0291627516437478,16902000,42,0.604458927719844,"SF",-0.996785055852535
"134","Isaac Okoro",0.00249662039014797,7040880,76,2.43558525163969,"SF",-0.47504668328034
"137","Cedi Osman",0.00238019454373894,7426088,77,2.28628414695314,"SF",-0.476965351520688
"139","OG Anunoby",-0.00333974548991978,17357143,67,4.08575150154076,"SF",-0.571228503713869
"140","Scottie Barnes",0.0201543825272397,7644600,77,5.23794226869759,"SF",-0.184051269005868
"158","John Konchar",0.360800155202535,2300000,72,3.36747221697714,"SF",5.42970414183815
"164","Luguentz Dort",-0.0182425473149231,15277778,74,2.74628442052814,"SF",-0.816822875030474
"174","Jaden McDaniels",0.0648225015599011,2161440,78,3.5120041071776,"SF",0.552067934653968
"183","Gordon Hayward",-0.0291824036073113,30075000,50,2.65203524034018,"SF",-0.997108915197455
"186","Kelly Oubre Jr.",-0.0271020430459524,12600000,48,2.34578947394598,"SF",-0.962825103993471
"188","Jalen McDaniels",0.0530989714972958,1930681,78,3.39888861037313,"SF",0.358867150724451
"196","Keldon Johnson",0.0202507138989867,3873024,61,3.18314348171196,"SF",-0.182463752580428
"200","Doug McDermott",-0.0332213640955542,13750000,63,1.62242516290441,"SF",-1.06366995341903
"204","Michael Porter Jr.",-0.00316921964329064,30913750,62,4.27982920710605,"SF",-0.568418281274632
"209","Bruce Brown",0.0721577174206502,6479000,80,4.04002746468647,"SF",0.672950420306418
"227","Simone Fontecchio",-0.0014838325684714,3205128,52,0.607438540918791,"SF",-0.540643532343133
"230","Reggie Bullock Jr.",0.0207165230077049,10012800,78,3.13699836220187,"SF",-0.174787337329622
"235","Tim Hardaway Jr.",0.00660423267170063,19602273,71,3.02079798153451,"SF",-0.40735428102295
"238","Mikal Bridges",0.0334916209291225,20100000,82,5.5115083937284,"SF",0.0357430165837392
"249","Josh Hart",0.0211109873740583,12960000,76,6.40338797267321,"SF",-0.168286665227895
"256","Nassir Little",-0.00442470916489046,4171548,54,1.5024030037265,"SF",-0.589108428226367
"273","Jordan Nwora",0.0645592512763498,2800000,62,2.29996016642774,"SF",0.54772963715482
"274","Wesley Matthews",0.0362494429785876,2905851,52,1.07518764217884,"SF",0.0811912202433422
"276","Paul George",-0.00725881985738019,42492492,56,4.28852547076665,"SF",-0.635813849256384
"285","Kawhi Leonard",0.00267972800107419,42492492,52,5.24057403529634,"SF",-0.472029116575987
"288","Joe Harris",-0.000847288409206559,18642857,74,2.32289083749103,"SF",-0.530153447025913
"296","Lamar Stevens",0.0302089921066049,1782621,62,1.89672818258287,"SF",-0.0183538687804195
"301","MarJon Beauchamp",0.0239980283857089,2485200,52,0.861474690741058,"SF",-0.120708966044377
"305","Amir Coffey",-0.00143627187734707,3395062,50,0.506841086285474,"SF",-0.539859744289502
"306","Keegan Murray",0.00789947204228225,8008440,80,4.46342104772359,"SF",-0.386009066702995
"308","Troy Brown Jr.",0.105101890883576,1968175,76,3.28237241771392,"SF",1.21586199258525
"309","AJ Griffin",0.0231093602556194,3536160,72,2.17390554479633,"SF",-0.135353990066119
"314","Dillon Brooks",-0.000664123542938211,11400000,73,1.62943709594181,"SF",-0.527134936768131
"315","Jabari Walker",0.0311302015904036,1017781,55,1.01841935244871,"SF",-0.00317257155315222
"321","Anthony Lamb",0.139021926286849,694878,61,2.18716048161513,"SF",1.77485552062957
"324","Corey Kispert",0.0137951732696304,3552840,74,3.31080919791096,"SF",-0.288849414886933
"331","Ish Wainright",0.0775604471193692,980057,60,1.38483410442779,"SF",0.761986027122598
"335","Pat Connaughton",0.0326644354940433,5728393,61,2.82829933592847,"SF",0.0221112116871801
"339","T.J. Warren",0.0253463683422779,2628597,42,1.31817953912526,"SF",-0.0984886676170678
"341","Joe Ingles",0.018318827401669,6479000,46,1.83792771562934,"SF",-0.214300749095254
"2","P.J. Tucker",0.023711157838489,10490000,75,2.44778748181899,"PF",-0.0951109499585328
"9","Georges Niang",0.0608782572207907,3465000,78,2.30230815564299,"PF",0.429441244958463
"16","Grant Williams",0.198976171213828,4306281,79,3.62480379199021,"PF",2.37846511559715
"20","LeBron James",0.012027301676951,44474988,55,5.828976919718,"PF",-0.260009273919419
"28","Draymond Green",0.0274194881362917,25806468,72,5.40379373539374,"PF",-0.0427739952454115
"34","JaMychal Green",0.0231782639336946,8200000,57,2.18354924443248,"PF",-0.102631866900222
"35","Jonathan Kuminga",0.036320470836779,5739840,67,2.49298516535353,"PF",0.0828486680792958
"38","Paolo Banchero",-0.00541807985830967,11055120,72,4.14570994579774,"PF",-0.506222008503785
"44","Bol Bol",0.0793719906109187,2200000,70,3.9523691348801,"PF",0.690449733735523
"48","Bojan Bogdanovic",-0.0290218620708612,19550000,58,3.28023496982658,"PF",-0.839350392846644
"57","Kyle Kuzma",-0.0140638126426409,1.3e+07,64,4.01751787627899,"PF",-0.628242241022827
"61","Rui Hachimura",0.0276535949014942,6263188,63,2.81599183508522,"PF",-0.0394699650796793
"63","Anthony Gill",0.0158150753718276,1836090,59,1.10670930623878,"PF",-0.206551106924485
"73","Oshae Brissett",0.0215134008051168,1846738,65,1.9689941276831,"PF",-0.126128659032128
"76","Jabari Smith Jr.",0.000663562703956178,8882640,79,4.31836280420338,"PF",-0.420389672707996
"80","Tari Eason",0.0261374096054674,3359160,82,4.28578843350394,"PF",-0.0608684152721754
"85","John Collins",-0.00592413232107492,23500000,71,4.54501488046811,"PF",-0.51336410284255
"95","Herbert Jones",0.0591700402995579,1785000,66,3.07777681259254,"PF",0.405332585678646
"103","Kevin Durant",-0.00617692995381047,44119845,47,5.26126198780834,"PF",-0.516931923719753
"113","Patrick Williams",0.0134024099194345,7775400,81,3.54394685389333,"PF",-0.240601893229747
"120","Jimmy Butler",0.00240342071938482,37653300,64,6.96111135834653,"PF",-0.395834451665603
"128","Haywood Highsmith",0.0490043084201024,1752638,54,1.61530795920306,"PF",0.261860077494559
"130","Evan Mobley",0.036877089650984,8478720,79,7.29018252514007,"PF",0.0907044229155842
"135","Kevin Love",-0.0177731814708261,30556968,62,3.46933291957786,"PF",-0.680593852876286
"136","Dean Wade",0.0456436410290419,1930681,44,1.48732643101221,"PF",0.2144298102511
"141","Pascal Siakam",-0.0129382983698513,35448672,71,6.19423369439363,"PF",-0.612357466800081
"146","Thaddeus Young",-0.0248546654303182,8e+06,54,1.84918250983309,"PF",-0.780537297911169
"147","Juancho Hernangomez",0.00776373536214381,2298385,42,1.11656354720283,"PF",-0.320182467571201
"149","Julius Randle",0.0216173105110891,23760000,77,7.48394441871351,"PF",-0.124662145226994
"154","Obi Toppin",0.0139002416363485,5348280,67,2.13007637989315,"PF",-0.233575821135166
"156","Santi Aldama",0.519840013038658,2094120,77,3.97985847910159,"PF",6.90692806524719
"160","Brandon Clarke",0.0893133104385664,4343919,56,3.59496645855347,"PF",0.830755036614435
"162","David Roddy",0.0427723389804182,2588640,70,1.59749434922607,"PF",0.173906126215847
"165","Kenrich Williams",0.0544721151358498,2e+06,53,2.92591717736284,"PF",0.339029134585222
"166","Josh Giddey",0.0189082011119424,6287400,76,5.88725103335178,"PF",-0.162896748013063
"169","Jeremiah Robinson-Earl",0.0393307210551268,2e+06,43,1.77775873004446,"PF",0.125333375939915
"178","Kyle Anderson",0.0217359418349994,8780488,68,4.70259116615946,"PF",-0.122987860109854
"181","Taurean Prince",-0.00747290861670691,7295000,53,1.38153867923699,"PF",-0.535222521142904
"184","P.J. Washington",0.0125213471194601,5808435,73,3.70204949290443,"PF",-0.253036638831831
"191","JT Thor",0.00908478186149342,1563518,69,1.29517563200636,"PF",-0.301538079057223
"197","Jeremy Sochan",-0.00687075013864025,5063520,55,2.30069706107539,"PF",-0.526724049198436
"203","Keita Bates-Diop",0.0312301955817327,1878720,64,3.03766415553595,"PF",0.0110078437442747
"205","Aaron Gordon",0.0199734498452788,19690909,68,5.55341065207214,"PF",-0.147862522300248
"212","Jeff Green",0.0348498094734382,4500000,56,1.5102571020755,"PF",0.0620927129754283
"215","Vlatko Cancar",0.0414180420982799,2234359,60,1.58645009635022,"PF",0.154792463489905
"216","Zeke Nnaji",0.0392866249801578,2617800,53,1.35331244036785,"PF",0.124711032703649
"217","Lauri Markkanen",-0.00300703392376422,16475454,66,7.06977345265675,"PF",-0.47219407901694
"219","Jarred Vanderbilt",0.0467695280563938,4374000,78,5.74187697783972,"PF",0.230319845288573
"224","Rudy Gay",-0.0213280315108851,6184500,56,1.26025327209168,"PF",-0.730764687353665
"231","Dorian Finney-Smith",0.0173823631245915,12939848,66,2.884225460347,"PF",-0.184431429994024
"242","Torrey Craig",0.118215118021652,5121951,79,4.08852057341181,"PF",1.2386562948976
"247","Dario Saric",0.0110321039493255,9240000,57,1.91741613509487,"PF",-0.274054845435041
"250","Jerami Grant",-0.00905779316234445,20955000,63,3.87245963275878,"PF",-0.557590547728806
"257","Harrison Barnes",-0.008652002205502,18352273,82,5.05596152264764,"PF",-0.551863478879561
"264","Trey Lyles",0.0308402284000109,2625000,74,3.15354872421146,"PF",0.00550410133452477
"267","Giannis Antetokounmpo",0.00930873596329107,42492492,63,7.90477947120748,"PF",-0.29837733695975
"271","Bobby Portis",0.0743475752651495,10843350,70,6.279017681665,"PF",0.619538413196669
"277","Marcus Morris Sr.",0.00332731213719906,16372093,65,2.55368050425816,"PF",-0.382795250890355
"281","Nicolas Batum",0.00261538860416932,19700319,78,3.40313147153948,"PF",-0.392842875215906
"282","Robert Covington",-0.000341937425064165,12307692,48,1.90626661155507,"PF",-0.434580645596187
"292","Isaiah Livers",0.0158066508889618,1563518,51,1.48658953636456,"PF",-0.206670004579985
"298","Derrick Jones Jr.",0.0264544978806136,3200000,63,1.7958149159577,"PF",-0.0563932382076561
"307","Chimezie Metu",0.0213479655747539,1910860,66,2.22292500684142,"PF",-0.128463503952655
"313","Chris Boucher",-0.00111649650297452,12690000,76,4.33884021538748,"PF",-0.445512267142211
"325","Trendon Watford",0.0513867571324844,1563518,61,2.56216622659086,"PF",0.295484404443038
"330","Davis Bertans",-0.0232859824315248,1.6e+07,45,0.825920706842672,"PF",-0.75839792938843
"3","Joel Embiid",0.0222115742143454,33616770,66,8.88834969979711,"C",-0.24916161808789
"6","Montrezl Harrell",0.0324505722227542,2463490,57,1.78031726058761,"C",0.00196432017851456
"13","Al Horford",0.0159534757607835,26500000,63,4.87650727253251,"C",-0.402650352495653
"21","Anthony Davis",0.0251494029855182,37980720,56,7.994227402301,"C",-0.177107203581616
"27","Wenyen Gabriel",0.07006405369187,1878720,68,2.68239892709667,"C",0.924488264185577
"29","Kevon Looney",0.0899254195504586,8e+06,81,7.46739405670391,"C",1.41161641211511
"33","James Wiseman",0.00602143037793756,9603360,45,2.27352352884575,"C",-0.646247842564832
"40","Wendell Carter Jr.",-0.00566258109137197,14150000,57,4.91342977506225,"C",-0.932814784030795
"45","Mo Bamba",-0.00776255183843744,10300000,49,2.21664996845167,"C",-0.984319542968703
"49","Isaiah Stewart",0.0277938434809157,3433320,49,3.31344096450972,"C",-0.112248552368773
"52","Jalen Duren",0.0255639068112594,4124280,66,5.43668391808503,"C",-0.166940909763726
"58","Kristaps Porzingis",-0.0206485603297291,33833400,65,6.58600034270685,"C",-1.30036716503357
"65","Daniel Gafford",0.0693080600502174,1930681,78,5.10880276320328,"C",0.905946448626327
"67","Jalen Smith",0.0219607733686473,4670160,68,3.45257201624037,"C",-0.255312864297941
"70","Isaiah Jackson",0.0209532055487978,2573760,63,2.83615343427747,"C",-0.280024893142848
"81","Alperen Sengun",0.0479140657610775,3375360,75,6.52446283849062,"C",0.381228416186617
"86","Clint Capela",0.013457110768277,18206896,65,7.38843199055815,"C",-0.463877242127213
"91","Onyeka Okongwu",0.0379817670221316,6395160,80,6.08441362277996,"C",0.137624712199996
"94","Jonas Valanciunas",0.0196539388408956,14700000,79,6.96759693806418,"C",-0.311891250652859
"99","Larry Nance Jr.",0.023606036330128,9672727,65,4.09402668254556,"C",-0.214960458275644
"105","Nic Claxton",0.0573453480987463,9350000,76,8.22196421981357,"C",0.612543982822861
"108","Day'Ron Sharpe",0.0512412187746236,2109480,48,1.73287685850178,"C",0.46283155954073
"114","Nikola Vucevic",0.0185899774640919,2.2e+07,81,9.21742086659065,"C",-0.337986411410739
"118","Andre Drummond",0.0335198292891448,3200000,67,3.87607086994143,"C",0.0281893652292902
"122","Bam Adebayo",0.00844645771186037,30351780,75,7.14544009361172,"C",-0.586770610119537
"131","Jarrett Allen",0.0146791549195271,2e+07,68,7.37601921905095,"C",-0.433904877269477
"144","Precious Achiuwa",0.0264849990005387,2840160,55,2.88538343765045,"C",-0.144349818323659
"145","Christian Koloko",0.0209291285521902,1500000,58,1.47375568220156,"C",-0.280615415609866
"150","Mitchell Robinson",0.0143801762896183,17045454,59,5.59468128643218,"C",-0.441237751921449
"153","Isaiah Hartenstein",0.0381724687016083,8854879,82,4.70111737686416,"C",0.142301941177699
"157","Steven Adams",0.0172790580312363,17926829,42,4.18112662442384,"C",-0.37013856851607
"163","Xavier Tillman",0.0821738542394046,1782621,61,3.57427850604148,"C",1.2214982862816
"171","Darius Bazley",-0.00838293740498863,4264628,43,1.40275298506874,"C",-0.999535378283756
"172","Mike Muscala",0.0275205048938174,3500000,63,2.24743473786396,"C",-0.118952568630238
"175","Rudy Gobert",-0.00623205505699542,38172414,69,7.83559840997015,"C",-0.946781940174202
"185","Mason Plumlee",0.027477920488995,9080417,79,7.43131371948578,"C",-0.119997011514957
"190","Nick Richards",0.063246000772037,1782621,65,4.06983276351487,"C",0.757265852848362
"193","Mark Williams",0.0165563112300668,3722040,43,3.10439195689409,"C",-0.387864958190497
"194","Kai Jones",-0.00576029083324181,2909040,46,1.17259494228531,"C",-0.935211253937779
"198","Jakob Poeltl",0.0184097284860372,9398148,71,6.81521094951473,"C",-0.342407273071067
"201","Zach Collins",-0.000445203999462684,7350000,61,3.67911882184115,"C",-0.8048512160704
"206","Nikola Jokic",0.0263854241678276,33047803,69,11.5050094629585,"C",-0.146792032226989
"218","Kelly Olynyk",-0.0022530927704274,12804878,68,4.41629645762961,"C",-0.849192250565861
"223","Walker Kessler",0.0487221608573793,2696400,74,6.82295977719977,"C",0.401048093766456
"232","JaVale McGee",0.00422619585212236,5461219,42,1.02785251075696,"C",-0.690278513762672
"236","Christian Wood",0.0442354803166298,14317459,67,5.23496265549864,"C",0.291005894366474
"239","Deandre Ayton",0.0171402605466271,30913750,67,6.62611299976344,"C",-0.373542773548914
"243","Jock Landale",0.224573818076252,1563518,69,2.60567957950219,"C",4.7140592281103
"248","Bismack Biyombo",0.113961181119812,2905851,61,2.36861487434532,"C",2.00112753137643
"251","Jusuf Nurkic",0.00466442616431895,15625000,52,4.17200927810744,"C",-0.679530294236038
"254","Drew Eubanks",0.0671852398267798,1968175,77,4.4193813414925,"C",0.853881273894985
"258","Domantas Sabonis",0.0082043004773158,21100000,79,11.0160460558667,"C",-0.592709859515138
"265","Richaun Holmes",-0.0341568213155475,11215260,42,0.854462757703664,"C",-1.63167641146815
"268","Brook Lopez",0.0359271937888483,13906976,78,6.2701108766765,"C",0.0872333916311693
"275","Paul Reed",0.0960346140217772,1782621,69,2.62584117869443,"C",1.56145306531124
"278","Ivica Zubac",0.0646922915711752,10123457,76,7.00017130876362,"C",0.792738184578612
"290","Jericho Sims",0.102634594951384,1639842,52,2.39375622935156,"C",1.72332695200667
"291","Naz Reid",0.10597948852203,1930681,68,3.4969275344633,"C",1.80536520766801
"294","Luke Kornet",0.105115435104822,2133278,69,2.39599894790286,"C",1.78417307295615
"299","Usman Garuba",0.0286376295707842,2471160,75,2.77440538873333,"C",-0.0915535025855478
"302","Dwight Powell",0.0202164098765243,11080125,76,3.46785913028256,"C",-0.298095851293085
"310","Jaxson Hayes",0.00457769987638335,6803012,47,1.39023494289759,"C",-0.68165737936803
"311","Jaylin Williams",0.0296387493750412,2e+06,49,2.18842372958253,"C",-0.0669996204620577
"316","Taj Gibson",-0.00885984997194778,2905851,48,0.873992732912206,"C",-1.01123233493423
"319","Myles Turner",-0.0247439193854769,35096500,62,5.46936355944842,"C",-1.40081165037948
"328","Marvin Bagley III",-0.0168574595049167,12500000,42,2.6044895675904,"C",-1.20738504403777
"329","Jaren Jackson Jr.",0.00367436531029708,28946605,63,5.02973542639356,"C",-0.703812939930752
"334","Thomas Bryant",0.0883626258170838,1968175,59,3.8083635979994,"C",1.3732866807988
"336","Moritz Wagner",0.0241182396004032,1878720,57,2.81662345906892,"C",-0.202397947107525
