,game_id,attendance
0,0022200001,19156.0
1,0022200002,18064.0
2,0022200003,20190.0
3,0022200004,15027.0
4,0022200005,17878.0
5,0022200006,18003.0
6,0022200007,19600.0
7,0022200008,19800.0
8,0022200009,18202.0
9,0022200010,17136.0
10,0022200011,16236.0
11,0022200012,18206.0
12,0022200013,17071.0
13,0022200014,17611.0
14,0022200015,20060.0
15,0022200016,18997.0
16,0022200017,19287.0
17,0022200018,12073.0
18,0022200019,20476.0
19,0022200020,17822.0
20,0022200021,17732.0
21,0022200022,19600.0
22,0022200023,19812.0
23,0022200024,18055.0
24,0022200025,17136.0
25,0022200026,18064.0
26,0022200027,19393.0
27,0022200028,19822.0
28,0022200029,16056.0
29,0022200030,19299.0
30,0022200031,19600.0
31,0022200032,21089.0
32,0022200033,17341.0
33,0022200034,20377.0
34,0022200035,19983.0
35,0022200036,16296.0
36,0022200037,18997.0
37,0022200038,17383.0
38,0022200039,19432.0
39,0022200040,18665.0
40,0022200041,15044.0
41,0022200042,18064.0
42,0022200043,19068.0
43,0022200044,19786.0
44,0022200045,19600.0
45,0022200046,18800.0
46,0022200047,17673.0
47,0022200048,16260.0
48,0022200049,17392.0
49,0022200050,15347.0
50,0022200051,18111.0
51,0022200052,13196.0
52,0022200053,14020.0
53,0022200054,13105.0
54,0022200055,17071.0
55,0022200056,
56,0022200057,17987.0
57,0022200058,19812.0
58,0022200059,19800.0
59,0022200060,17341.0
60,0022200061,18306.0
61,0022200062,16165.0
62,0022200063,18206.0
63,0022200064,19520.0
64,0022200065,18588.0
65,0022200066,18039.0
66,0022200067,14510.0
67,0022200068,18064.0
68,0022200069,15511.0
69,0022200070,18923.0
70,0022200071,18846.0
71,0022200072,19156.0
72,0022200073,19800.0
73,0022200074,13463.0
74,0022200075,17341.0
75,0022200076,17136.0
76,0022200077,16562.0
77,0022200078,19560.0
78,0022200079,17071.0
79,0022200080,19082.0
80,0022200081,14618.0
81,0022200082,19079.0
82,0022200083,17732.0
83,0022200084,19010.0
84,0022200085,17341.0
85,0022200086,20307.0
86,0022200087,18206.0
87,0022200088,18142.0
88,0022200089,19156.0
89,0022200090,19432.0
90,0022200091,20190.0
91,0022200092,15053.0
92,0022200093,20042.0
93,0022200094,17071.0
94,0022200095,18997.0
95,0022200096,12020.0
96,0022200097,13746.0
97,0022200098,15770.0
98,0022200099,19800.0
99,0022200100,17341.0
100,0022200101,18206.0
101,0022200102,14887.0
102,0022200103,17732.0
103,0022200104,19600.0
104,0022200105,13109.0
105,0022200106,17071.0
106,0022200107,19432.0
107,0022200108,19855.0
108,0022200109,19600.0
109,0022200110,19812.0
110,0022200111,17886.0
111,0022200112,15860.0
112,0022200113,17341.0
113,0022200114,12155.0
114,0022200115,19877.0
115,0022200116,19462.0
116,0022200117,18997.0
117,0022200118,18846.0
118,0022200119,13791.0
119,0022200120,18744.0
120,0022200121,13141.0
121,0022200122,20679.0
122,0022200123,17258.0
123,0022200124,19156.0
124,0022200125,17187.0
125,0022200126,12603.0
126,0022200127,20177.0
127,0022200128,18451.0
128,0022200129,17136.0
129,0022200130,17071.0
130,0022200131,18997.0
131,0022200132,18846.0
132,0022200133,19398.0
133,0022200134,17654.0
134,0022200135,19812.0
135,0022200136,17713.0
136,0022200137,16412.0
137,0022200138,19641.0
138,0022200139,17071.0
139,0022200140,18997.0
140,0022200141,19800.0
141,0022200142,16877.0
142,0022200143,16111.0
143,0022200144,13712.0
144,0022200145,15441.0
145,0022200146,16223.0
146,0022200147,14052.0
147,0022200148,20347.0
148,0022200149,17494.0
149,0022200150,19600.0
150,0022200151,21142.0
151,0022200152,17371.0
152,0022200153,14524.0
153,0022200154,11574.0
154,0022200155,20011.0
155,0022200156,18064.0
156,0022200157,18206.0
157,0022200158,16516.0
158,0022200159,14774.0
159,0022200160,14069.0
160,0022200161,18165.0
161,0022200162,15845.0
162,0022200163,19156.0
163,0022200164,18156.0
164,0022200165,19800.0
165,0022200166,19621.0
166,0022200167,16062.0
167,0022200168,15180.0
168,0022200169,13507.0
169,0022200170,19068.0
170,0022200171,13816.0
171,0022200172,18320.0
172,0022200173,16066.0
173,0022200174,19600.0
174,0022200175,14289.0
175,0022200176,19156.0
176,0022200177,15879.0
177,0022200178,19812.0
178,0022200179,16104.0
179,0022200180,15642.0
180,0022200181,16939.0
181,0022200182,18064.0
182,0022200183,17849.0
183,0022200184,17777.0
184,0022200185,13673.0
185,0022200186,20190.0
186,0022200187,13089.0
187,0022200188,20245.0
188,0022200189,19600.0
189,0022200190,20277.0
190,0022200191,15367.0
191,0022200192,18325.0
192,0022200193,19432.0
193,0022200194,17667.0
194,0022200195,19761.0
195,0022200196,21602.0
196,0022200197,16410.0
197,0022200198,18040.0
198,0022200199,16988.0
199,0022200200,15018.0
200,0022200201,19156.0
201,0022200202,19600.0
202,0022200203,16098.0
203,0022200204,17341.0
204,0022200205,18064.0
205,0022200206,14032.0
206,0022200207,19810.0
207,0022200208,18206.0
208,0022200209,19012.0
209,0022200210,17611.0
210,0022200211,14756.0
211,0022200212,16527.0
212,0022200213,12630.0
213,0022200214,18165.0
214,0022200215,19800.0
215,0022200216,17341.0
216,0022200217,14658.0
217,0022200218,19602.0
218,0022200219,18210.0
219,0022200220,17071.0
220,0022200221,19393.0
221,0022200222,16522.0
222,0022200223,17822.0
223,0022200224,18772.0
224,0022200225,19432.0
225,0022200226,19769.0
226,0022200227,21031.0
227,0022200228,15882.0
228,0022200229,17324.0
229,0022200230,20135.0
230,0022200231,17828.0
231,0022200232,18206.0
232,0022200233,18064.0
233,0022200234,18095.0
234,0022200235,18051.0
235,0022200236,14478.0
236,0022200237,20515.0
237,0022200238,19595.0
238,0022200239,18581.0
239,0022200240,17071.0
240,0022200241,14289.0
241,0022200242,17866.0
242,0022200243,18241.0
243,0022200244,19432.0
244,0022200245,18055.0
245,0022200246,20244.0
246,0022200247,18211.0
247,0022200248,19432.0
248,0022200249,14029.0
249,0022200250,20786.0
250,0022200251,17341.0
251,0022200252,16583.0
252,0022200253,18589.0
253,0022200254,15079.0
254,0022200255,19068.0
255,0022200256,20184.0
256,0022200257,16826.0
257,0022200258,19635.0
258,0022200259,17071.0
259,0022200260,16910.0
260,0022200261,19432.0
261,0022200262,15751.0
262,0022200263,18173.0
263,0022200264,19156.0
264,0022200265,19600.0
265,0022200266,19800.0
266,0022200267,17341.0
267,0022200268,13656.0
268,0022200269,14947.0
269,0022200270,18206.0
270,0022200271,18064.0
271,0022200272,17924.0
272,0022200273,15384.0
273,0022200274,19812.0
274,0022200275,19156.0
275,0022200276,15404.0
276,0022200277,19600.0
277,0022200278,16669.0
278,0022200279,17794.0
279,0022200280,17447.0
280,0022200281,16082.0
281,0022200282,18354.0
282,0022200283,17071.0
283,0022200284,18064.0
284,0022200285,16559.0
285,0022200286,19800.0
286,0022200287,15151.0
287,0022200288,18354.0
288,0022200289,17071.0
289,0022200290,17732.0
290,0022200291,17136.0
291,0022200292,16805.0
292,0022200293,17268.0
293,0022200294,19156.0
294,0022200295,18240.0
295,0022200296,19524.0
296,0022200297,16218.0
297,0022200298,17341.0
298,0022200299,19778.0
299,0022200300,13515.0
300,0022200301,19156.0
301,0022200302,15704.0
302,0022200303,19800.0
303,0022200304,13109.0
304,0022200305,16027.0
305,0022200306,18206.0
306,0022200307,16407.0
307,0022200308,16034.0
308,0022200309,14864.0
309,0022200310,20277.0
310,0022200311,17251.0
311,0022200312,19432.0
312,0022200313,15344.0
313,0022200314,19156.0
314,0022200315,15963.0
315,0022200316,17277.0
316,0022200317,15980.0
317,0022200318,14845.0
318,0022200319,15605.0
319,0022200320,16286.0
320,0022200321,17071.0
321,0022200322,18206.0
322,0022200323,17611.0
323,0022200324,18560.0
324,0022200325,18106.0
325,0022200326,15231.0
326,0022200327,16974.0
327,0022200328,19156.0
328,0022200329,17732.0
329,0022200330,19432.0
330,0022200331,17938.0
331,0022200332,17022.0
332,0022200333,17202.0
333,0022200334,17071.0
334,0022200335,18206.0
335,0022200336,18064.0
336,0022200337,18319.0
337,0022200338,16587.0
338,0022200339,18128.0
339,0022200340,19800.0
340,0022200341,17136.0
341,0022200342,18064.0
342,0022200343,18206.0
343,0022200344,15658.0
344,0022200345,16409.0
345,0022200346,18043.0
346,0022200347,20088.0
347,0022200348,19007.0
348,0022200349,19647.0
349,0022200350,17611.0
350,0022200351,17479.0
351,0022200352,13945.0
352,0022200353,16174.0
353,0022200354,16301.0
354,0022200355,19800.0
355,0022200356,15331.0
356,0022200357,16122.0
357,0022200358,20227.0
358,0022200359,18064.0
359,0022200360,19432.0
360,0022200361,19600.0
361,0022200362,19520.0
362,0022200363,14429.0
363,0022200364,16903.0
364,0022200365,18091.0
365,0022200366,19800.0
366,0022200367,19265.0
367,0022200368,15942.0
368,0022200369,17341.0
369,0022200370,15472.0
370,0022200371,14073.0
371,0022200372,18206.0
372,0022200373,17071.0
373,0022200374,19600.0
374,0022200375,13140.0
375,0022200376,18189.0
376,0022200377,17696.0
377,0022200378,15039.0
378,0022200379,17008.0
379,0022200380,18072.0
380,0022200381,19432.0
381,0022200382,20852.0
382,0022200383,17103.0
383,0022200384,16381.0
384,0022200385,18206.0
385,0022200386,20277.0
386,0022200387,19600.0
387,0022200388,14280.0
388,0022200389,18404.0
389,0022200390,19432.0
390,0022200391,19528.0
391,0022200392,18064.0
392,0022200393,19636.0
393,0022200394,18324.0
394,0022200395,18681.0
395,0022200396,20190.0
396,0022200397,19812.0
397,0022200398,16891.0
398,0022200399,19765.0
399,0022200400,17227.0
400,0022200401,16268.0
401,0022200402,15309.0
402,0022200403,16090.0
403,0022200404,16544.0
404,0022200405,19877.0
405,0022200406,13434.0
406,0022200407,18021.0
407,0022200408,19068.0
408,0022200409,19768.0
409,0022200410,17628.0
410,0022200411,15128.0
411,0022200412,18206.0
412,0022200413,18661.0
413,0022200414,14303.0
414,0022200415,15069.0
415,0022200416,16002.0
416,0022200417,19800.0
417,0022200418,18820.0
418,0022200419,14783.0
419,0022200420,13657.0
420,0022200421,20093.0
421,0022200422,19550.0
422,0022200423,14063.0
423,0022200424,16210.0
424,0022200425,17794.0
425,0022200426,18206.0
426,0022200427,15778.0
427,0022200428,17772.0
428,0022200429,17892.0
429,0022200430,19156.0
430,0022200431,19432.0
431,0022200432,20567.0
432,0022200433,19800.0
433,0022200434,19661.0
434,0022200435,14885.0
435,0022200436,20191.0
436,0022200437,18505.0
437,0022200438,15018.0
438,0022200439,20160.0
439,0022200440,19432.0
440,0022200441,16217.0
441,0022200442,17587.0
442,0022200443,16895.0
443,0022200444,17071.0
444,0022200445,19156.0
445,0022200446,14513.0
446,0022200447,19488.0
447,0022200448,19800.0
448,0022200449,16294.0
449,0022200450,19235.0
450,0022200451,18153.0
451,0022200452,19432.0
452,0022200453,20408.0
453,0022200454,17809.0
454,0022200455,15928.0
455,0022200456,16627.0
456,0022200457,18271.0
457,0022200458,14672.0
458,0022200459,17071.0
459,0022200460,17803.0
460,0022200461,15622.0
461,0022200462,19969.0
462,0022200463,19812.0
463,0022200464,17071.0
464,0022200465,19605.0
465,0022200466,19432.0
466,0022200467,20615.0
467,0022200468,17226.0
468,0022200469,19156.0
469,0022200470,18026.0
470,0022200471,19294.0
471,0022200472,15965.0
472,0022200473,16164.0
473,0022200474,15107.0
474,0022200475,17611.0
475,0022200476,19068.0
476,0022200477,16417.0
477,0022200478,18206.0
478,0022200479,18425.0
479,0022200480,19996.0
480,0022200481,17028.0
481,0022200482,19156.0
482,0022200483,18169.0
483,0022200484,19432.0
484,0022200485,19812.0
485,0022200486,19600.0
486,0022200487,16989.0
487,0022200488,15214.0
488,0022200489,19619.0
489,0022200490,17071.0
490,0022200491,17894.0
491,0022200492,18997.0
492,0022200493,19812.0
493,0022200494,20441.0
494,0022200495,19156.0
495,0022200496,18064.0
496,0022200497,19642.0
497,0022200498,19432.0
498,0022200499,20190.0
499,0022200500,19911.0
500,0022200501,21561.0
501,0022200502,18636.0
502,0022200503,16351.0
503,0022200504,19530.0
504,0022200505,19482.0
505,0022200506,20476.0
506,0022200507,19156.0
507,0022200508,16738.0
508,0022200509,19800.0
509,0022200510,18239.0
510,0022200511,16229.0
511,0022200512,20377.0
512,0022200513,18064.0
513,0022200514,17937.0
514,0022200515,20190.0
515,0022200516,20476.0
516,0022200517,18030.0
517,0022200518,20221.0
518,0022200519,21537.0
519,0022200520,18669.0
520,0022200521,18064.0
521,0022200522,17985.0
522,0022200523,19425.0
523,0022200524,17274.0
524,0022200525,19156.0
525,0022200526,19800.0
526,0022200527,18354.0
527,0022200528,20307.0
528,0022200529,19040.0
529,0022200530,17984.0
530,0022200531,19800.0
531,0022200532,21667.0
532,0022200533,18018.0
533,0022200534,18656.0
534,0022200535,19638.0
535,0022200536,18064.0
536,0022200537,17946.0
537,0022200538,16731.0
538,0022200539,19386.0
539,0022200540,21524.0
540,0022200541,18055.0
541,0022200542,18354.0
542,0022200543,17951.0
543,0022200544,16233.0
544,0022200545,17147.0
545,0022200546,18206.0
546,0022200547,17794.0
547,0022200548,17341.0
548,0022200549,19641.0
549,0022200550,19812.0
550,0022200551,19210.0
551,0022200552,19432.0
552,0022200553,14054.0
553,0022200554,20531.0
554,0022200555,18224.0
555,0022200556,18055.0
556,0022200557,15962.0
557,0022200558,18064.0
558,0022200559,19393.0
559,0022200560,19068.0
560,0022200561,17341.0
561,0022200562,16778.0
562,0022200563,18206.0
563,0022200564,19249.0
564,0022200565,19432.0
565,0022200566,18925.0
566,0022200567,20033.0
567,0022200568,19812.0
568,0022200569,19800.0
569,0022200570,21418.0
570,0022200571,15434.0
571,0022200572,17295.0
572,0022200573,18064.0
573,0022200574,18997.0
574,0022200575,17611.0
575,0022200576,19184.0
576,0022200577,20413.0
577,0022200578,16320.0
578,0022200579,19087.0
579,0022200580,16548.0
580,0022200581,20766.0
581,0022200582,19800.0
582,0022200583,17627.0
583,0022200584,14790.0
584,0022200585,13107.0
585,0022200586,18636.0
586,0022200587,17136.0
587,0022200588,19638.0
588,0022200589,17071.0
589,0022200590,18997.0
590,0022200591,18354.0
591,0022200592,21694.0
592,0022200593,20300.0
593,0022200594,18064.0
594,0022200595,17611.0
595,0022200596,18898.0
596,0022200597,19800.0
597,0022200598,15805.0
598,0022200599,19901.0
599,0022200600,17794.0
600,0022200601,18055.0
601,0022200602,16317.0
602,0022200603,17071.0
603,0022200604,19068.0
604,0022200605,16223.0
605,0022200606,19156.0
606,0022200607,18167.0
607,0022200608,16013.0
608,0022200609,19609.0
609,0022200610,16499.0
610,0022200611,19600.0
611,0022200612,20221.0
612,0022200613,19800.0
613,0022200614,18206.0
614,0022200615,18064.0
615,0022200616,18176.0
616,0022200617,15828.0
617,0022200618,15906.0
618,0022200619,17032.0
619,0022200620,17154.0
620,0022200621,19156.0
621,0022200622,18249.0
622,0022200623,16454.0
623,0022200624,18872.0
624,0022200625,16057.0
625,0022200626,20892.0
626,0022200627,18125.0
627,0022200628,19600.0
628,0022200629,19800.0
629,0022200630,18997.0
630,0022200631,18105.0
631,0022200632,18989.0
632,0022200633,16071.0
633,0022200634,20476.0
634,0022200635,68323.0
635,0022200636,21342.0
636,0022200637,16460.0
637,0022200638,18206.0
638,0022200639,16005.0
639,0022200640,17894.0
640,0022200641,19620.0
641,0022200642,19608.0
642,0022200643,17274.0
643,0022200644,19800.0
644,0022200645,17136.0
645,0022200646,18206.0
646,0022200647,19393.0
647,0022200648,19894.0
648,0022200649,17238.0
649,0022200650,20139.0
650,0022200651,18165.0
651,0022200652,12339.0
652,0022200653,19641.0
653,0022200654,19393.0
654,0022200655,18020.0
655,0022200656,19227.0
656,0022200657,17412.0
657,0022200658,19432.0
658,0022200659,19812.0
659,0022200660,20476.0
660,0022200661,18007.0
661,0022200662,16477.0
662,0022200663,17794.0
663,0022200664,17657.0
664,0022200665,17341.0
665,0022200666,13532.0
666,0022200667,18258.0
667,0022200668,15155.0
668,0022200669,19164.0
669,0022200670,20125.0
670,0022200671,15678.0
671,0022200672,16892.0
672,0022200673,17736.0
673,0022200674,14748.0
674,0022200675,18206.0
675,0022200676,16112.0
676,0022200677,18142.0
677,0022200678,15885.0
678,0022200679,19156.0
679,0022200680,16318.0
680,0022200681,17071.0
681,0022200682,18113.0
682,0022200683,19025.0
683,0022200684,17711.0
684,0022200685,19432.0
685,0022200686,20326.0
686,0022200687,15190.0
687,0022200688,19609.0
688,0022200689,18206.0
689,0022200690,18997.0
690,0022200691,17932.0
691,0022200692,19800.0
692,0022200693,18171.0
693,0022200694,17928.0
694,0022200695,19432.0
695,0022200696,17136.0
696,0022200697,17071.0
697,0022200698,17861.0
698,0022200699,19600.0
699,0022200700,19261.0
700,0022200701,20026.0
701,0022200702,19557.0
702,0022200703,17071.0
703,0022200704,18064.0
704,0022200705,19393.0
705,0022200706,18011.0
706,0022200707,19196.0
707,0022200708,20938.0
708,0022200709,13811.0
709,0022200710,18206.0
710,0022200711,17874.0
711,0022200712,17821.0
712,0022200713,16102.0
713,0022200714,19705.0
714,0022200715,19812.0
715,0022200716,14699.0
716,0022200717,20077.0
717,0022200718,17071.0
718,0022200719,17604.0
719,0022200720,18846.0
720,0022200721,19772.0
721,0022200722,15302.0
722,0022200723,17352.0
723,0022200724,14887.0
724,0022200725,15079.0
725,0022200726,18064.0
726,0022200727,18154.0
727,0022200728,17767.0
728,0022200729,17955.0
729,0022200730,19156.0
730,0022200731,17732.0
731,0022200732,17697.0
732,0022200733,16327.0
733,0022200734,17071.0
734,0022200735,16958.0
735,0022200736,16090.0
736,0022200737,17136.0
737,0022200738,19788.0
738,0022200739,16236.0
739,0022200740,18064.0
740,0022200741,21255.0
741,0022200742,18100.0
742,0022200743,19411.0
743,0022200744,18846.0
744,0022200745,18448.0
745,0022200746,17136.0
746,0022200747,17692.0
747,0022200748,18354.0
748,0022200749,19156.0
749,0022200750,18206.0
750,0022200751,19393.0
751,0022200752,19254.0
752,0022200753,17794.0
753,0022200754,19432.0
754,0022200755,17341.0
755,0022200756,19812.0
756,0022200757,17924.0
757,0022200758,15342.0
758,0022200759,16854.0
759,0022200760,11970.0
760,0022200761,19777.0
761,0022200762,17071.0
762,0022200763,18262.0
763,0022200764,19432.0
764,0022200765,19812.0
765,0022200766,20068.0
766,0022200767,17341.0
767,0022200768,18868.0
768,0022200769,17855.0
769,0022200770,20885.0
770,0022200771,14589.0
771,0022200772,19156.0
772,0022200773,15181.0
773,0022200774,17136.0
774,0022200775,13207.0
775,0022200776,18206.0
776,0022200777,17071.0
777,0022200778,17274.0
778,0022200779,19432.0
779,0022200780,19044.0
780,0022200781,20072.0
781,0022200782,19670.0
782,0022200783,19555.0
783,0022200784,17341.0
784,0022200785,18007.0
785,0022200786,17274.0
786,0022200787,20476.0
787,0022200788,19156.0
788,0022200789,16585.0
789,0022200790,17136.0
790,0022200791,15252.0
791,0022200792,18206.0
792,0022200793,17732.0
793,0022200794,19788.0
794,0022200795,19812.0
795,0022200796,20135.0
796,0022200797,18008.0
797,0022200798,18886.0
798,0022200799,16994.0
799,0022200800,18064.0
800,0022200801,19630.0
801,0022200802,18510.0
802,0022200803,17274.0
803,0022200804,17586.0
804,0022200805,17794.0
805,0022200806,17136.0
806,0022200807,17779.0
807,0022200808,17933.0
808,0022200809,16744.0
809,0022200810,16981.0
810,0022200811,19291.0
811,0022200812,15405.0
812,0022200813,18206.0
813,0022200814,18064.0
814,0022200815,18110.0
815,0022200816,19438.0
816,0022200817,17093.0
817,0022200818,16669.0
818,0022200819,17012.0
819,0022200820,18307.0
820,0022200821,18997.0
821,0022200822,19432.0
822,0022200823,16097.0
823,0022200824,19156.0
824,0022200825,19600.0
825,0022200826,19800.0
826,0022200827,15881.0
827,0022200828,18206.0
828,0022200829,18377.0
829,0022200830,18450.0
830,0022200831,18846.0
831,0022200832,17003.0
832,0022200833,16938.0
833,0022200834,18997.0
834,0022200835,17899.0
835,0022200836,16522.0
836,0022200837,21057.0
837,0022200838,19156.0
838,0022200839,19800.0
839,0022200840,19600.0
840,0022200841,17794.0
841,0022200842,16398.0
842,0022200843,19424.0
843,0022200844,18111.0
844,0022200845,16614.0
845,0022200846,17732.0
846,0022200847,19256.0
847,0022200848,18223.0
848,0022200849,18387.0
849,0022200850,17875.0
850,0022200851,19339.0
851,0022200852,19432.0
852,0022200853,18064.0
853,0022200854,18111.0
854,0022200855,19156.0
855,0022200856,19800.0
856,0022200857,14078.0
857,0022200858,19432.0
858,0022200859,15004.0
859,0022200860,19850.0
860,0022200861,19755.0
861,0022200862,19812.0
862,0022200863,20767.0
863,0022200864,14920.0
864,0022200865,20325.0
865,0022200866,18064.0
866,0022200867,18299.0
867,0022200868,19800.0
868,0022200869,17623.0
869,0022200870,17071.0
870,0022200871,16741.0
871,0022200872,18004.0
872,0022200873,14155.0
873,0022200874,15599.0
874,0022200875,21134.0
875,0022200876,17771.0
876,0022200877,19156.0
877,0022200878,17963.0
878,0022200879,16748.0
879,0022200880,14988.0
880,0022200881,19627.0
881,0022200882,18997.0
882,0022200883,20308.0
883,0022200884,17136.0
884,0022200885,17071.0
885,0022200886,19432.0
886,0022200887,16125.0
887,0022200888,18846.0
888,0022200889,21205.0
889,0022200890,19800.0
890,0022200891,20287.0
891,0022200892,18206.0
892,0022200893,18997.0
893,0022200894,18041.0
894,0022200895,20476.0
895,0022200896,18065.0
896,0022200897,17676.0
897,0022200898,17136.0
898,0022200899,17071.0
899,0022200900,21286.0
900,0022200901,18064.0
901,0022200902,19068.0
902,0022200903,20190.0
903,0022200904,19109.0
904,0022200905,19231.0
905,0022200906,19812.0
906,0022200907,18302.0
907,0022200908,20993.0
908,0022200909,18206.0
909,0022200910,17636.0
910,0022200911,16983.0
911,0022200912,21106.0
912,0022200913,20411.0
913,0022200914,19432.0
914,0022200915,15147.0
915,0022200916,18064.0
916,0022200917,19215.0
917,0022200918,19689.0
918,0022200919,14184.0
919,0022200920,20859.0
920,0022200921,19812.0
921,0022200922,16038.0
922,0022200923,17395.0
923,0022200924,17732.0
924,0022200925,19800.0
925,0022200926,15368.0
926,0022200927,17794.0
927,0022200928,13353.0
928,0022200929,20277.0
929,0022200930,18206.0
930,0022200931,18064.0
931,0022200932,17022.0
932,0022200933,19137.0
933,0022200934,18098.0
934,0022200935,19156.0
935,0022200936,19600.0
936,0022200937,19812.0
937,0022200938,15919.0
938,0022200939,17354.0
939,0022200940,17114.0
940,0022200941,18566.0
941,0022200942,14643.0
942,0022200943,20002.0
943,0022200944,14617.0
944,0022200945,18064.0
945,0022200946,16683.0
946,0022200947,17521.0
947,0022200948,19156.0
948,0022200949,19600.0
949,0022200950,21169.0
950,0022200951,16538.0
951,0022200952,19641.0
952,0022200953,18064.0
953,0022200954,18111.0
954,0022200955,18997.0
955,0022200956,18174.0
956,0022200957,19432.0
957,0022200958,19600.0
958,0022200959,18354.0
959,0022200960,18100.0
960,0022200961,18111.0
961,0022200962,20311.0
962,0022200963,21225.0
963,0022200964,18997.0
964,0022200965,17921.0
965,0022200966,18846.0
966,0022200967,16721.0
967,0022200968,14778.0
968,0022200969,19156.0
969,0022200970,19068.0
970,0022200971,19432.0
971,0022200972,15008.0
972,0022200973,18746.0
973,0022200974,19600.0
974,0022200975,19520.0
975,0022200976,17708.0
976,0022200977,16989.0
977,0022200978,16110.0
978,0022200979,19812.0
979,0022200980,17136.0
980,0022200981,14833.0
981,0022200982,16142.0
982,0022200983,20277.0
983,0022200984,18997.0
984,0022200985,15087.0
985,0022200986,19156.0
986,0022200987,19600.0
987,0022200988,17473.0
988,0022200989,19896.0
989,0022200990,17071.0
990,0022200991,17397.0
991,0022200992,17121.0
992,0022200993,16027.0
993,0022200994,16552.0
994,0022200995,17341.0
995,0022200996,17794.0
996,0022200997,18068.0
997,0022200998,21001.0
998,0022200999,18161.0
999,0022201000,19757.0
1000,0022201001,17136.0
1001,0022201002,18354.0
1002,0022201003,18322.0
1003,0022201004,19068.0
1004,0022201005,17221.0
1005,0022201006,20190.0
1006,0022201007,17347.0
1007,0022201008,17884.0
1008,0022201009,18055.0
1009,0022201010,17794.0
1010,0022201011,17606.0
1011,0022201012,18064.0
1012,0022201013,17071.0
1013,0022201014,19739.0
1014,0022201015,17342.0
1015,0022201016,21220.0
1016,0022201017,16676.0
1017,0022201018,17314.0
1018,0022201019,18997.0
1019,0022201020,18313.0
1020,0022201021,17799.0
1021,0022201022,19721.0
1022,0022201023,20303.0
1023,0022201024,18055.0
1024,0022201025,18064.0
1025,0022201026,18111.0
1026,0022201027,14690.0
1027,0022201028,15279.0
1028,0022201029,19800.0
1029,0022201030,18625.0
1030,0022201031,16976.0
1031,0022201032,13708.0
1032,0022201033,17071.0
1033,0022201034,19488.0
1034,0022201035,19432.0
1035,0022201036,19794.0
1036,0022201037,21886.0
1037,0022201038,18055.0
1038,0022201039,17136.0
1039,0022201040,18354.0
1040,0022201041,19068.0
1041,0022201042,17987.0
1042,0022201043,18172.0
1043,0022201044,19800.0
1044,0022201045,17797.0
1045,0022201046,17071.0
1046,0022201047,19096.0
1047,0022201048,18201.0
1048,0022201049,19432.0
1049,0022201050,20109.0
1050,0022201051,15841.0
1051,0022201052,15221.0
1052,0022201053,19393.0
1053,0022201054,18997.0
1054,0022201055,19812.0
1055,0022201056,17533.0
1056,0022201057,17274.0
1057,0022201058,19800.0
1058,0022201059,18529.0
1059,0022201060,20094.0
1060,0022201061,18396.0
1061,0022201062,18206.0
1062,0022201063,18235.0
1063,0022201064,17897.0
1064,0022201065,16311.0
1065,0022201066,20190.0
1066,0022201067,14209.0
1067,0022201068,17341.0
1068,0022201069,18714.0
1069,0022201070,18997.0
1070,0022201071,12449.0
1071,0022201072,21145.0
1072,0022201073,19812.0
1073,0022201074,16116.0
1074,0022201075,17794.0
1075,0022201076,18206.0
1076,0022201077,16096.0
1077,0022201078,17129.0
1078,0022201079,17732.0
1079,0022201080,15466.0
1080,0022201081,18111.0
1081,0022201082,19068.0
1082,0022201083,16508.0
1083,0022201084,19863.0
1084,0022201085,19800.0
1085,0022201086,20377.0
1086,0022201087,20946.0
1087,0022201088,17794.0
1088,0022201089,17756.0
1089,0022201090,17136.0
1090,0022201091,
1091,0022201092,18435.0
1092,0022201093,17607.0
1093,0022201094,17732.0
1094,0022201095,15749.0
1095,0022201096,17307.0
1096,0022201097,19156.0
1097,0022201098,17004.0
1098,0022201099,19800.0
1099,0022201100,17851.0
1100,0022201101,20347.0
1101,0022201102,18206.0
1102,0022201103,18064.0
1103,0022201104,19393.0
1104,0022201105,18151.0
1105,0022201106,18997.0
1106,0022201107,17699.0
1107,0022201108,19680.0
1108,0022201109,19919.0
1109,0022201110,17071.0
1110,0022201111,18151.0
1111,0022201112,17702.0
1112,0022201113,19264.0
1113,0022201114,18997.0
1114,0022201115,18056.0
1115,0022201116,19156.0
1116,0022201117,19432.0
1117,0022201118,17862.0
1118,0022201119,19800.0
1119,0022201120,18626.0
1120,0022201121,18064.0
1121,0022201122,21090.0
1122,0022201123,17022.0
1123,0022201124,19812.0
1124,0022201125,18206.0
1125,0022201126,19781.0
1126,0022201127,17943.0
1127,0022201128,18151.0
1128,0022201129,19068.0
1129,0022201130,20476.0
1130,0022201131,17748.0
1131,0022201132,19800.0
1132,0022201133,16507.0
1133,0022201134,15428.0
1134,0022201135,18064.0
1135,0022201136,16524.0
1136,0022201137,17074.0
1137,0022201138,19812.0
1138,0022201139,20583.0
1139,0022201140,21739.0
1140,0022201141,16775.0
1141,0022201142,15047.0
1142,0022201143,18354.0
1143,0022201144,17071.0
1144,0022201145,18550.0
1145,0022201146,18073.0
1146,0022201147,19728.0
1147,0022201148,18768.0
1148,0022201149,16506.0
1149,0022201150,20993.0
1150,0022201151,16411.0
1151,0022201152,19156.0
1152,0022201153,17849.0
1153,0022201154,19432.0
1154,0022201155,15844.0
1155,0022201156,16376.0
1156,0022201157,18978.0
1157,0022201158,18064.0
1158,0022201159,18389.0
1159,0022201160,17071.0
1160,0022201161,20011.0
1161,0022201162,18399.0
1162,0022201163,16052.0
1163,0022201164,17732.0
1164,0022201165,20944.0
1165,0022201166,18978.0
1166,0022201167,17678.0
1167,0022201168,19812.0
1168,0022201169,19431.0
1169,0022201170,18183.0
1170,0022201171,18204.0
1171,0022201172,17981.0
1172,0022201173,19432.0
1173,0022201174,17532.0
1174,0022201175,19752.0
1175,0022201176,14965.0
1176,0022201177,18453.0
1177,0022201178,19449.0
1178,0022201179,19098.0
1179,0022201180,17893.0
1180,0022201181,21104.0
1181,0022201182,21717.0
1182,0022201183,16924.0
1183,0022201184,17558.0
1184,0022201185,15799.0
1185,0022201186,18206.0
1186,0022201187,18064.0
1187,0022201188,17071.0
1188,0022201189,18313.0
1189,0022201190,16789.0
1190,0022201191,17727.0
1191,0022201192,19156.0
1192,0022201193,17679.0
1193,0022201194,17232.0
1194,0022201195,20271.0
1195,0022201196,19068.0
1196,0022201197,19235.0
1197,0022201198,21178.0
1198,0022201199,16023.0
1199,0022201200,18206.0
1200,0022201201,17071.0
1201,0022201202,19102.0
1202,0022201203,17274.0
1203,0022201204,20476.0
1204,0022201205,17627.0
1205,0022201206,19156.0
1206,0022201207,18177.0
1207,0022201208,18010.0
1208,0022201209,18656.0
1209,0022201210,20313.0
1210,0022201211,18253.0
1211,0022201212,18997.0
1212,0022201213,18206.0
1213,0022201214,16148.0
1214,0022201215,19068.0
1215,0022201216,19156.0
1216,0022201217,17732.0
1217,0022201218,19432.0
1218,0022201219,19894.0
1219,0022201220,19812.0
1220,0022201221,19800.0
1221,0022201222,15233.0
1222,0022201223,21530.0
1223,0022201224,20141.0
1224,0022201225,18978.0
1225,0022201226,16601.0
1226,0022201227,19652.0
1227,0022201228,18997.0
1228,0022201229,17071.0
1229,0022201230,19731.0
