,game_id,game_date,home_team_id,away_team_ids,tv
0,0022200001,10/18/2022,1610612738,1610612755,TNT
1,0022200002,10/18/2022,1610612744,1610612747,TNT
2,0022200003,10/19/2022,1610612765,1610612753,
3,0022200004,10/19/2022,1610612754,1610612764,
4,0022200005,10/19/2022,1610612737,1610612745,
5,0022200006,10/19/2022,1610612751,1610612740,
6,0022200007,10/19/2022,1610612748,1610612741,
7,0022200008,10/19/2022,1610612761,1610612739,
8,0022200009,10/19/2022,1610612763,1610612752,ESPN
9,0022200010,10/19/2022,1610612750,1610612760,
10,0022200011,10/19/2022,1610612759,1610612766,
11,0022200012,10/19/2022,1610612762,1610612743,
12,0022200013,10/19/2022,1610612756,1610612742,ESPN
13,0022200014,10/19/2022,1610612758,1610612757,
14,0022200015,10/20/2022,1610612755,1610612749,TNT
15,0022200016,10/20/2022,1610612747,1610612746,TNT
16,0022200017,10/21/2022,1610612766,1610612740,
17,0022200018,10/21/2022,1610612754,1610612759,
18,0022200019,10/21/2022,1610612764,1610612741,
19,0022200020,10/21/2022,1610612737,1610612753,
20,0022200021,10/21/2022,1610612751,1610612761,
21,0022200022,10/21/2022,1610612748,1610612738,ESPN
22,0022200023,10/21/2022,1610612752,1610612765,
23,0022200024,10/21/2022,1610612745,1610612763,
24,0022200025,10/21/2022,1610612750,1610612762,
25,0022200026,10/21/2022,1610612744,1610612743,ESPN
26,0022200027,10/21/2022,1610612757,1610612756,
27,0022200028,10/22/2022,1610612755,1610612759,NBA TV
28,0022200029,10/22/2022,1610612754,1610612765,
29,0022200030,10/22/2022,1610612753,1610612738,
30,0022200031,10/22/2022,1610612748,1610612761,
31,0022200032,10/22/2022,1610612741,1610612739,
32,0022200033,10/22/2022,1610612749,1610612745,
33,0022200034,10/22/2022,1610612742,1610612763,NBA TV
34,0022200035,10/22/2022,1610612743,1610612760,
35,0022200036,10/22/2022,1610612758,1610612746,
36,0022200037,10/23/2022,1610612747,1610612757,
37,0022200038,10/23/2022,1610612737,1610612766,
38,0022200039,10/23/2022,1610612739,1610612764,NBA TV
39,0022200040,10/23/2022,1610612740,1610612762,
40,0022200041,10/23/2022,1610612760,1610612750,
41,0022200042,10/23/2022,1610612744,1610612758,
42,0022200043,10/23/2022,1610612746,1610612756,NBA TV
43,0022200044,10/24/2022,1610612755,1610612754,
44,0022200045,10/24/2022,1610612748,1610612761,
45,0022200046,10/24/2022,1610612752,1610612753,NBA TV
46,0022200047,10/24/2022,1610612741,1610612738,
47,0022200048,10/24/2022,1610612745,1610612762,
48,0022200049,10/24/2022,1610612763,1610612751,
49,0022200050,10/24/2022,1610612750,1610612759,
50,0022200051,10/24/2022,1610612757,1610612743,NBA TV
51,0022200052,10/25/2022,1610612764,1610612765,
52,0022200053,10/25/2022,1610612740,1610612742,TNT
53,0022200054,10/25/2022,1610612760,1610612746,
54,0022200055,10/25/2022,1610612756,1610612744,TNT
55,0022200056,10/26/2022,1610612739,1610612753,
56,0022200057,10/26/2022,1610612765,1610612737,
57,0022200058,10/26/2022,1610612752,1610612766,
58,0022200059,10/26/2022,1610612761,1610612755,
59,0022200060,10/26/2022,1610612749,1610612751,ESPN
60,0022200061,10/26/2022,1610612741,1610612754,
61,0022200062,10/26/2022,1610612750,1610612759,
62,0022200063,10/26/2022,1610612762,1610612745,
63,0022200064,10/26/2022,1610612743,1610612747,ESPN
64,0022200065,10/26/2022,1610612757,1610612748,
65,0022200066,10/27/2022,1610612751,1610612742,NBA TV
66,0022200067,10/27/2022,1610612760,1610612746,
67,0022200068,10/27/2022,1610612744,1610612748,NBA TV
68,0022200069,10/27/2022,1610612758,1610612763,
69,0022200070,10/28/2022,1610612765,1610612737,
70,0022200071,10/28/2022,1610612753,1610612766,
71,0022200072,10/28/2022,1610612738,1610612739,
72,0022200073,10/28/2022,1610612761,1610612755,
73,0022200074,10/28/2022,1610612764,1610612754,ESPN
74,0022200075,10/28/2022,1610612749,1610612752,
75,0022200076,10/28/2022,1610612750,1610612747,
76,0022200077,10/28/2022,1610612759,1610612741,
77,0022200078,10/28/2022,1610612743,1610612762,
78,0022200079,10/28/2022,1610612756,1610612740,ESPN
79,0022200080,10/28/2022,1610612757,1610612745,
80,0022200081,10/29/2022,1610612758,1610612748,
81,0022200082,10/29/2022,1610612766,1610612744,
82,0022200083,10/29/2022,1610612751,1610612754,
83,0022200084,10/29/2022,1610612741,1610612755,NBA TV
84,0022200085,10/29/2022,1610612749,1610612737,
85,0022200086,10/29/2022,1610612742,1610612760,
86,0022200087,10/29/2022,1610612762,1610612763,
87,0022200088,10/30/2022,1610612746,1610612740,
88,0022200089,10/30/2022,1610612738,1610612764,
89,0022200090,10/30/2022,1610612739,1610612752,
90,0022200091,10/30/2022,1610612765,1610612744,
91,0022200092,10/30/2022,1610612759,1610612750,NBA TV
92,0022200093,10/30/2022,1610612742,1610612753,
93,0022200094,10/30/2022,1610612756,1610612745,
94,0022200095,10/30/2022,1610612747,1610612743,
95,0022200096,10/31/2022,1610612766,1610612758,
96,0022200097,10/31/2022,1610612764,1610612755,
97,0022200098,10/31/2022,1610612751,1610612754,NBA TV
98,0022200099,10/31/2022,1610612761,1610612737,
99,0022200100,10/31/2022,1610612749,1610612765,
100,0022200101,10/31/2022,1610612762,1610612763,
101,0022200102,10/31/2022,1610612746,1610612745,
102,0022200103,11/01/2022,1610612751,1610612741,TNT
103,0022200104,11/01/2022,1610612748,1610612744,
104,0022200105,11/01/2022,1610612760,1610612753,
105,0022200106,11/01/2022,1610612756,1610612750,TNT
106,0022200107,11/02/2022,1610612739,1610612738,ESPN
107,0022200108,11/02/2022,1610612755,1610612764,
108,0022200109,11/02/2022,1610612748,1610612758,
109,0022200110,11/02/2022,1610612752,1610612737,
110,0022200111,11/02/2022,1610612741,1610612766,
111,0022200112,11/02/2022,1610612745,1610612746,
112,0022200113,11/02/2022,1610612749,1610612765,
113,0022200114,11/02/2022,1610612759,1610612761,
114,0022200115,11/02/2022,1610612742,1610612762,
115,0022200116,11/02/2022,1610612757,1610612763,ESPN
116,0022200117,11/02/2022,1610612747,1610612740,
117,0022200118,11/03/2022,1610612753,1610612744,
118,0022200119,11/03/2022,1610612760,1610612743,NBA TV
119,0022200120,11/04/2022,1610612765,1610612739,
120,0022200121,11/04/2022,1610612754,1610612748,
121,0022200122,11/04/2022,1610612755,1610612752,
122,0022200123,11/04/2022,1610612764,1610612751,
123,0022200124,11/04/2022,1610612738,1610612741,ESPN
124,0022200125,11/04/2022,1610612763,1610612766,
125,0022200126,11/04/2022,1610612759,1610612746,
126,0022200127,11/04/2022,1610612742,1610612761,
127,0022200128,11/04/2022,1610612740,1610612744,
128,0022200129,11/04/2022,1610612750,1610612749,ESPN
129,0022200130,11/04/2022,1610612756,1610612757,
130,0022200131,11/04/2022,1610612747,1610612762,
131,0022200132,11/05/2022,1610612753,1610612758,
132,0022200133,11/05/2022,1610612766,1610612751,
133,0022200134,11/05/2022,1610612737,1610612740,
134,0022200135,11/05/2022,1610612752,1610612738,NBA TV
135,0022200136,11/05/2022,1610612749,1610612760,
136,0022200137,11/05/2022,1610612750,1610612745,
137,0022200138,11/05/2022,1610612743,1610612759,
138,0022200139,11/05/2022,1610612756,1610612757,NBA TV
139,0022200140,11/06/2022,1610612747,1610612739,
140,0022200141,11/06/2022,1610612761,1610612741,
141,0022200142,11/06/2022,1610612763,1610612764,
142,0022200143,11/06/2022,1610612746,1610612762,
143,0022200144,11/07/2022,1610612766,1610612764,
144,0022200145,11/07/2022,1610612753,1610612745,
145,0022200146,11/07/2022,1610612765,1610612760,
146,0022200147,11/07/2022,1610612754,1610612740,
147,0022200148,11/07/2022,1610612755,1610612756,NBA TV
148,0022200149,11/07/2022,1610612737,1610612749,
149,0022200150,11/07/2022,1610612748,1610612757,
150,0022200151,11/07/2022,1610612741,1610612761,
151,0022200152,11/07/2022,1610612763,1610612738,
152,0022200153,11/07/2022,1610612750,1610612752,
153,0022200154,11/07/2022,1610612759,1610612743,
154,0022200155,11/07/2022,1610612742,1610612751,
155,0022200156,11/07/2022,1610612744,1610612758,
156,0022200157,11/07/2022,1610612762,1610612747,
157,0022200158,11/07/2022,1610612746,1610612739,NBA TV
158,0022200159,11/09/2022,1610612766,1610612757,
159,0022200160,11/09/2022,1610612754,1610612743,
160,0022200161,11/09/2022,1610612753,1610612742,
161,0022200162,11/09/2022,1610612737,1610612762,
162,0022200163,11/09/2022,1610612738,1610612765,
163,0022200164,11/09/2022,1610612751,1610612752,ESPN
164,0022200165,11/09/2022,1610612761,1610612745,
165,0022200166,11/09/2022,1610612741,1610612740,
166,0022200167,11/09/2022,1610612750,1610612756,
167,0022200168,11/09/2022,1610612760,1610612749,
168,0022200169,11/09/2022,1610612759,1610612763,
169,0022200170,11/09/2022,1610612746,1610612747,ESPN
170,0022200171,11/09/2022,1610612758,1610612739,
171,0022200172,11/10/2022,1610612764,1610612742,
172,0022200173,11/10/2022,1610612737,1610612755,NBA TV
173,0022200174,11/10/2022,1610612748,1610612766,
174,0022200175,11/10/2022,1610612740,1610612757,
175,0022200176,11/11/2022,1610612738,1610612743,NBA TV
176,0022200177,11/11/2022,1610612753,1610612756,
177,0022200178,11/11/2022,1610612752,1610612765,
178,0022200179,11/11/2022,1610612760,1610612761,
179,0022200180,11/11/2022,1610612759,1610612749,
180,0022200181,11/11/2022,1610612763,1610612750,ESPN
181,0022200182,11/11/2022,1610612744,1610612739,
182,0022200183,11/11/2022,1610612747,1610612758,
183,0022200184,11/12/2022,1610612746,1610612751,
184,0022200185,11/12/2022,1610612764,1610612762,
185,0022200186,11/12/2022,1610612765,1610612738,
186,0022200187,11/12/2022,1610612754,1610612761,
187,0022200188,11/12/2022,1610612755,1610612737,
188,0022200189,11/12/2022,1610612748,1610612766,
189,0022200190,11/12/2022,1610612742,1610612757,
190,0022200191,11/12/2022,1610612740,1610612745,NBA TV
191,0022200192,11/13/2022,1610612752,1610612760,
192,0022200193,11/13/2022,1610612739,1610612750,
193,0022200194,11/13/2022,1610612764,1610612763,
194,0022200195,11/13/2022,1610612755,1610612762,
195,0022200196,11/13/2022,1610612741,1610612743,
196,0022200197,11/13/2022,1610612758,1610612744,
197,0022200198,11/13/2022,1610612747,1610612751,NBA TV
198,0022200199,11/14/2022,1610612765,1610612761,
199,0022200200,11/14/2022,1610612753,1610612766,
200,0022200201,11/14/2022,1610612738,1610612760,NBA TV
201,0022200202,11/14/2022,1610612748,1610612756,
202,0022200203,11/14/2022,1610612745,1610612746,
203,0022200204,11/14/2022,1610612749,1610612737,
204,0022200205,11/14/2022,1610612744,1610612759,
205,0022200206,11/15/2022,1610612740,1610612763,TNT
206,0022200207,11/15/2022,1610612742,1610612746,
207,0022200208,11/15/2022,1610612762,1610612752,
208,0022200209,11/15/2022,1610612757,1610612759,
209,0022200210,11/15/2022,1610612758,1610612751,TNT
210,0022200211,11/16/2022,1610612766,1610612754,
211,0022200212,11/16/2022,1610612753,1610612750,
212,0022200213,11/16/2022,1610612764,1610612760,
213,0022200214,11/16/2022,1610612737,1610612738,ESPN
214,0022200215,11/16/2022,1610612761,1610612748,
215,0022200216,11/16/2022,1610612749,1610612739,
216,0022200217,11/16/2022,1610612740,1610612741,
217,0022200218,11/16/2022,1610612742,1610612745,
218,0022200219,11/16/2022,1610612743,1610612752,
219,0022200220,11/16/2022,1610612756,1610612744,ESPN
220,0022200221,11/17/2022,1610612757,1610612751,
221,0022200222,11/17/2022,1610612758,1610612759,
222,0022200223,11/17/2022,1610612746,1610612765,
223,0022200224,11/18/2022,1610612764,1610612748,
224,0022200225,11/18/2022,1610612739,1610612766,
225,0022200226,11/18/2022,1610612755,1610612749,ESPN
226,0022200227,11/18/2022,1610612741,1610612753,
227,0022200228,11/18/2022,1610612745,1610612754,
228,0022200229,11/18/2022,1610612763,1610612760,
229,0022200230,11/18/2022,1610612742,1610612743,
230,0022200231,11/18/2022,1610612740,1610612738,
231,0022200232,11/18/2022,1610612762,1610612756,
232,0022200233,11/18/2022,1610612744,1610612752,ESPN
233,0022200234,11/18/2022,1610612747,1610612765,
234,0022200235,11/19/2022,1610612737,1610612761,
235,0022200236,11/19/2022,1610612754,1610612753,
236,0022200237,11/19/2022,1610612755,1610612750,NBA TV
237,0022200238,11/19/2022,1610612757,1610612762,NBA TV
238,0022200239,11/19/2022,1610612746,1610612759,
239,0022200240,11/20/2022,1610612756,1610612752,
240,0022200241,11/20/2022,1610612764,1610612766,
241,0022200242,11/20/2022,1610612758,1610612765,
242,0022200243,11/20/2022,1610612751,1610612763,
243,0022200244,11/20/2022,1610612739,1610612748,
244,0022200245,11/20/2022,1610612745,1610612744,
245,0022200246,11/20/2022,1610612742,1610612743,
246,0022200247,11/20/2022,1610612747,1610612759,
247,0022200248,11/21/2022,1610612739,1610612737,
248,0022200249,11/21/2022,1610612754,1610612753,
249,0022200250,11/21/2022,1610612741,1610612738,
250,0022200251,11/21/2022,1610612749,1610612757,
251,0022200252,11/21/2022,1610612750,1610612748,
252,0022200253,11/21/2022,1610612740,1610612744,NBA TV
253,0022200254,11/21/2022,1610612760,1610612752,
254,0022200255,11/21/2022,1610612746,1610612762,NBA TV
255,0022200256,11/22/2022,1610612755,1610612751,TNT
256,0022200257,11/22/2022,1610612763,1610612758,
257,0022200258,11/22/2022,1610612743,1610612765,
258,0022200259,11/22/2022,1610612756,1610612747,TNT
259,0022200260,11/23/2022,1610612766,1610612755,
260,0022200261,11/23/2022,1610612739,1610612757,
261,0022200262,11/23/2022,1610612754,1610612750,
262,0022200263,11/23/2022,1610612737,1610612758,
263,0022200264,11/23/2022,1610612738,1610612742,ESPN
264,0022200265,11/23/2022,1610612748,1610612764,
265,0022200266,11/23/2022,1610612761,1610612751,
266,0022200267,11/23/2022,1610612749,1610612741,
267,0022200268,11/23/2022,1610612760,1610612743,
268,0022200269,11/23/2022,1610612759,1610612740,
269,0022200270,11/23/2022,1610612762,1610612765,
270,0022200271,11/23/2022,1610612744,1610612746,ESPN
271,0022200272,11/25/2022,1610612766,1610612750,
272,0022200273,11/25/2022,1610612753,1610612755,
273,0022200274,11/25/2022,1610612752,1610612757,
274,0022200275,11/25/2022,1610612738,1610612758,
275,0022200276,11/25/2022,1610612754,1610612751,
276,0022200277,11/25/2022,1610612748,1610612764,
277,0022200278,11/25/2022,1610612745,1610612737,
278,0022200279,11/25/2022,1610612763,1610612740,NBA TV
279,0022200280,11/25/2022,1610612749,1610612739,
280,0022200281,11/25/2022,1610612760,1610612741,
281,0022200282,11/25/2022,1610612759,1610612747,
282,0022200283,11/25/2022,1610612756,1610612765,
283,0022200284,11/25/2022,1610612744,1610612762,
284,0022200285,11/25/2022,1610612746,1610612743,NBA TV
285,0022200286,11/26/2022,1610612761,1610612742,
286,0022200287,11/26/2022,1610612745,1610612760,NBA TV
287,0022200288,11/26/2022,1610612759,1610612747,
288,0022200289,11/26/2022,1610612756,1610612762,
289,0022200290,11/27/2022,1610612751,1610612757,
290,0022200291,11/27/2022,1610612750,1610612744,
291,0022200292,11/27/2022,1610612746,1610612754,
292,0022200293,11/27/2022,1610612737,1610612748,
293,0022200294,11/27/2022,1610612738,1610612764,
294,0022200295,11/27/2022,1610612765,1610612739,
295,0022200296,11/27/2022,1610612752,1610612763,
296,0022200297,11/27/2022,1610612753,1610612755,
297,0022200298,11/27/2022,1610612749,1610612742,NBA TV
298,0022200299,11/28/2022,1610612755,1610612737,NBA TV
299,0022200300,11/28/2022,1610612764,1610612750,
300,0022200301,11/28/2022,1610612738,1610612766,
301,0022200302,11/28/2022,1610612751,1610612753,
302,0022200303,11/28/2022,1610612761,1610612739,
303,0022200304,11/28/2022,1610612740,1610612760,
304,0022200305,11/28/2022,1610612743,1610612745,
305,0022200306,11/28/2022,1610612762,1610612741,
306,0022200307,11/28/2022,1610612758,1610612756,
307,0022200308,11/28/2022,1610612747,1610612754,
308,0022200309,11/29/2022,1610612765,1610612752,
309,0022200310,11/29/2022,1610612742,1610612744,TNT
310,0022200311,11/29/2022,1610612757,1610612746,TNT
311,0022200312,11/30/2022,1610612739,1610612755,
312,0022200313,11/30/2022,1610612753,1610612737,
313,0022200314,11/30/2022,1610612738,1610612748,NBA TV
314,0022200315,11/30/2022,1610612751,1610612764,
315,0022200316,11/30/2022,1610612752,1610612749,
316,0022200317,11/30/2022,1610612750,1610612763,
317,0022200318,11/30/2022,1610612740,1610612761,
318,0022200319,11/30/2022,1610612760,1610612759,
319,0022200320,11/30/2022,1610612743,1610612745,
320,0022200321,11/30/2022,1610612756,1610612741,
321,0022200322,11/30/2022,1610612762,1610612746,
322,0022200323,11/30/2022,1610612758,1610612754,
323,0022200324,11/30/2022,1610612747,1610612757,NBA TV
324,0022200325,12/01/2022,1610612765,1610612742,NBA TV
325,0022200326,12/02/2022,1610612766,1610612764,
326,0022200327,12/02/2022,1610612737,1610612743,
327,0022200328,12/02/2022,1610612738,1610612748,
328,0022200329,12/02/2022,1610612751,1610612761,
329,0022200330,12/02/2022,1610612739,1610612753,
330,0022200331,12/02/2022,1610612749,1610612747,ESPN
331,0022200332,12/02/2022,1610612763,1610612755,
332,0022200333,12/02/2022,1610612759,1610612740,
333,0022200334,12/02/2022,1610612756,1610612745,
334,0022200335,12/02/2022,1610612762,1610612754,
335,0022200336,12/02/2022,1610612744,1610612741,ESPN
336,0022200337,12/03/2022,1610612752,1610612742,
337,0022200338,12/03/2022,1610612746,1610612758,
338,0022200339,12/03/2022,1610612766,1610612749,
339,0022200340,12/03/2022,1610612761,1610612753,
340,0022200341,12/03/2022,1610612750,1610612760,
341,0022200342,12/03/2022,1610612744,1610612745,
342,0022200343,12/03/2022,1610612762,1610612757,
343,0022200344,12/04/2022,1610612740,1610612743,
344,0022200345,12/04/2022,1610612759,1610612756,
345,0022200346,12/04/2022,1610612751,1610612738,
346,0022200347,12/04/2022,1610612765,1610612763,
347,0022200348,12/04/2022,1610612752,1610612739,
348,0022200349,12/04/2022,1610612764,1610612747,
349,0022200350,12/04/2022,1610612758,1610612741,
350,0022200351,12/04/2022,1610612757,1610612754,NBA TV
351,0022200352,12/05/2022,1610612766,1610612746,
352,0022200353,12/05/2022,1610612753,1610612749,
353,0022200354,12/05/2022,1610612737,1610612760,
354,0022200355,12/05/2022,1610612761,1610612738,
355,0022200356,12/05/2022,1610612745,1610612755,
356,0022200357,12/05/2022,1610612763,1610612748,
357,0022200358,12/05/2022,1610612742,1610612756,NBA TV
358,0022200359,12/05/2022,1610612744,1610612754,
359,0022200360,12/06/2022,1610612739,1610612747,TNT
360,0022200361,12/06/2022,1610612748,1610612765,
361,0022200362,12/06/2022,1610612743,1610612742,TNT
362,0022200363,12/07/2022,1610612753,1610612746,
363,0022200364,12/07/2022,1610612751,1610612766,
364,0022200365,12/07/2022,1610612752,1610612737,ESPN
365,0022200366,12/07/2022,1610612761,1610612747,
366,0022200367,12/07/2022,1610612741,1610612764,
367,0022200368,12/07/2022,1610612763,1610612760,
368,0022200369,12/07/2022,1610612749,1610612758,
369,0022200370,12/07/2022,1610612750,1610612754,
370,0022200371,12/07/2022,1610612740,1610612765,
371,0022200372,12/07/2022,1610612762,1610612744,
372,0022200373,12/07/2022,1610612756,1610612738,ESPN
373,0022200374,12/08/2022,1610612748,1610612746,NBA TV
374,0022200375,12/08/2022,1610612759,1610612745,
375,0022200376,12/08/2022,1610612757,1610612743,NBA TV
376,0022200377,12/09/2022,1610612766,1610612752,
377,0022200378,12/09/2022,1610612754,1610612764,
378,0022200379,12/09/2022,1610612753,1610612761,
379,0022200380,12/09/2022,1610612751,1610612737,
380,0022200381,12/09/2022,1610612739,1610612758,
381,0022200382,12/09/2022,1610612755,1610612747,ESPN
382,0022200383,12/09/2022,1610612763,1610612765,
383,0022200384,12/09/2022,1610612740,1610612756,
384,0022200385,12/09/2022,1610612762,1610612750,
385,0022200386,12/09/2022,1610612742,1610612749,ESPN
386,0022200387,12/10/2022,1610612748,1610612759,
387,0022200388,12/10/2022,1610612754,1610612751,
388,0022200389,12/10/2022,1610612764,1610612746,
389,0022200390,12/10/2022,1610612739,1610612760,
390,0022200391,12/10/2022,1610612741,1610612742,
391,0022200392,12/10/2022,1610612744,1610612738,ABC
392,0022200393,12/10/2022,1610612743,1610612762,
393,0022200394,12/10/2022,1610612757,1610612750,
394,0022200395,12/11/2022,1610612740,1610612756,
395,0022200396,12/11/2022,1610612765,1610612747,
396,0022200397,12/11/2022,1610612752,1610612758,
397,0022200398,12/11/2022,1610612753,1610612761,
398,0022200399,12/11/2022,1610612755,1610612766,
399,0022200400,12/11/2022,1610612737,1610612741,
400,0022200401,12/11/2022,1610612745,1610612749,
401,0022200402,12/12/2022,1610612754,1610612748,
402,0022200403,12/12/2022,1610612764,1610612751,
403,0022200404,12/12/2022,1610612763,1610612737,NBA TV
404,0022200405,12/12/2022,1610612742,1610612760,
405,0022200406,12/12/2022,1610612759,1610612739,
406,0022200407,12/12/2022,1610612757,1610612750,
407,0022200408,12/12/2022,1610612746,1610612738,NBA TV
408,0022200409,12/13/2022,1610612755,1610612758,
409,0022200410,12/13/2022,1610612749,1610612744,TNT
410,0022200411,12/13/2022,1610612745,1610612756,
411,0022200412,12/13/2022,1610612762,1610612740,
412,0022200413,12/13/2022,1610612747,1610612738,TNT
413,0022200414,12/14/2022,1610612766,1610612765,
414,0022200415,12/14/2022,1610612754,1610612744,
415,0022200416,12/14/2022,1610612753,1610612737,
416,0022200417,12/14/2022,1610612761,1610612758,
417,0022200418,12/14/2022,1610612741,1610612752,ESPN
418,0022200419,12/14/2022,1610612760,1610612748,
419,0022200420,12/14/2022,1610612759,1610612757,
420,0022200421,12/14/2022,1610612742,1610612739,
421,0022200422,12/14/2022,1610612743,1610612764,
422,0022200423,12/14/2022,1610612746,1610612750,ESPN
423,0022200424,12/15/2022,1610612745,1610612748,
424,0022200425,12/15/2022,1610612763,1610612749,NBA TV
425,0022200426,12/15/2022,1610612762,1610612740,
426,0022200427,12/15/2022,1610612746,1610612756,NBA TV
427,0022200428,12/16/2022,1610612766,1610612737,
428,0022200429,12/16/2022,1610612765,1610612758,
429,0022200430,12/16/2022,1610612738,1610612753,
430,0022200431,12/16/2022,1610612739,1610612754,
431,0022200432,12/16/2022,1610612755,1610612744,ESPN
432,0022200433,12/16/2022,1610612761,1610612751,
433,0022200434,12/16/2022,1610612741,1610612752,
434,0022200435,12/16/2022,1610612760,1610612750,
435,0022200436,12/16/2022,1610612742,1610612757,
436,0022200437,12/16/2022,1610612747,1610612743,ESPN
437,0022200438,12/17/2022,1610612746,1610612764,
438,0022200439,12/17/2022,1610612759,1610612748,NBA TV
439,0022200440,12/17/2022,1610612739,1610612742,
440,0022200441,12/17/2022,1610612745,1610612757,
441,0022200442,12/17/2022,1610612749,1610612762,
442,0022200443,12/17/2022,1610612760,1610612763,
443,0022200444,12/17/2022,1610612756,1610612740,NBA TV
444,0022200445,12/18/2022,1610612738,1610612753,
445,0022200446,12/18/2022,1610612754,1610612752,
446,0022200447,12/18/2022,1610612765,1610612751,
447,0022200448,12/18/2022,1610612761,1610612744,
448,0022200449,12/18/2022,1610612750,1610612741,
449,0022200450,12/18/2022,1610612743,1610612766,
450,0022200451,12/18/2022,1610612747,1610612764,
451,0022200452,12/19/2022,1610612739,1610612762,
452,0022200453,12/19/2022,1610612755,1610612761,
453,0022200454,12/19/2022,1610612737,1610612753,
454,0022200455,12/19/2022,1610612745,1610612759,
455,0022200456,12/19/2022,1610612750,1610612742,
456,0022200457,12/19/2022,1610612740,1610612749,
457,0022200458,12/19/2022,1610612760,1610612757,
458,0022200459,12/19/2022,1610612756,1610612747,NBA TV
459,0022200460,12/19/2022,1610612758,1610612766,
460,0022200461,12/20/2022,1610612765,1610612762,
461,0022200462,12/20/2022,1610612748,1610612741,
462,0022200463,12/20/2022,1610612752,1610612744,TNT
463,0022200464,12/20/2022,1610612756,1610612764,
464,0022200465,12/20/2022,1610612743,1610612763,TNT
465,0022200466,12/21/2022,1610612739,1610612749,
466,0022200467,12/21/2022,1610612755,1610612765,
467,0022200468,12/21/2022,1610612737,1610612741,
468,0022200469,12/21/2022,1610612738,1610612754,
469,0022200470,12/21/2022,1610612751,1610612744,NBA TV
470,0022200471,12/21/2022,1610612752,1610612761,
471,0022200472,12/21/2022,1610612745,1610612753,
472,0022200473,12/21/2022,1610612750,1610612742,
473,0022200474,12/21/2022,1610612760,1610612757,
474,0022200475,12/21/2022,1610612758,1610612747,
475,0022200476,12/21/2022,1610612746,1610612766,NBA TV
476,0022200477,12/22/2022,1610612740,1610612759,
477,0022200478,12/22/2022,1610612762,1610612764,NBA TV
478,0022200479,12/23/2022,1610612753,1610612759,
479,0022200480,12/23/2022,1610612755,1610612746,
480,0022200481,12/23/2022,1610612737,1610612765,
481,0022200482,12/23/2022,1610612738,1610612750,
482,0022200483,12/23/2022,1610612751,1610612749,NBA TV
483,0022200484,12/23/2022,1610612739,1610612761,
484,0022200485,12/23/2022,1610612752,1610612741,
485,0022200486,12/23/2022,1610612748,1610612754,
486,0022200487,12/23/2022,1610612745,1610612742,
487,0022200488,12/23/2022,1610612760,1610612740,
488,0022200489,12/23/2022,1610612743,1610612757,
489,0022200490,12/23/2022,1610612756,1610612763,ESPN
490,0022200491,12/23/2022,1610612758,1610612764,
491,0022200492,12/23/2022,1610612747,1610612766,
492,0022200493,12/25/2022,1610612752,1610612755,ABC/ESPN
493,0022200494,12/25/2022,1610612742,1610612747,ABC/ESPN
494,0022200495,12/25/2022,1610612738,1610612749,ABC/ESPN
495,0022200496,12/25/2022,1610612744,1610612763,ABC/ESPN
496,0022200497,12/25/2022,1610612743,1610612756,ABC/ESPN
497,0022200498,12/26/2022,1610612739,1610612751,NBA TV
498,0022200499,12/26/2022,1610612765,1610612746,
499,0022200500,12/26/2022,1610612748,1610612750,
500,0022200501,12/26/2022,1610612741,1610612745,
501,0022200502,12/26/2022,1610612740,1610612754,
502,0022200503,12/26/2022,1610612759,1610612762,
503,0022200504,12/26/2022,1610612757,1610612766,NBA TV
504,0022200505,12/27/2022,1610612753,1610612747,
505,0022200506,12/27/2022,1610612764,1610612755,
506,0022200507,12/27/2022,1610612738,1610612745,
507,0022200508,12/27/2022,1610612754,1610612737,
508,0022200509,12/27/2022,1610612761,1610612746,
509,0022200510,12/27/2022,1610612763,1610612756,
510,0022200511,12/27/2022,1610612760,1610612759,
511,0022200512,12/27/2022,1610612742,1610612752,NBA TV
512,0022200513,12/27/2022,1610612744,1610612766,
513,0022200514,12/27/2022,1610612758,1610612743,
514,0022200515,12/28/2022,1610612765,1610612753,
515,0022200516,12/28/2022,1610612764,1610612756,
516,0022200517,12/28/2022,1610612737,1610612751,
517,0022200518,12/28/2022,1610612748,1610612747,NBA TV
518,0022200519,12/28/2022,1610612741,1610612749,
519,0022200520,12/28/2022,1610612740,1610612750,
520,0022200521,12/28/2022,1610612744,1610612762,
521,0022200522,12/28/2022,1610612758,1610612743,NBA TV
522,0022200523,12/29/2022,1610612766,1610612760,
523,0022200524,12/29/2022,1610612754,1610612739,
524,0022200525,12/29/2022,1610612738,1610612746,NBA TV
525,0022200526,12/29/2022,1610612761,1610612763,
526,0022200527,12/29/2022,1610612759,1610612752,
527,0022200528,12/29/2022,1610612742,1610612745,
528,0022200529,12/30/2022,1610612753,1610612764,
529,0022200530,12/30/2022,1610612737,1610612747,NBA TV
530,0022200531,12/30/2022,1610612761,1610612756,
531,0022200532,12/30/2022,1610612741,1610612765,
532,0022200533,12/30/2022,1610612749,1610612750,
533,0022200534,12/30/2022,1610612740,1610612755,
534,0022200535,12/30/2022,1610612743,1610612748,
535,0022200536,12/30/2022,1610612744,1610612757,NBA TV
536,0022200537,12/30/2022,1610612758,1610612762,
537,0022200538,12/31/2022,1610612754,1610612746,
538,0022200539,12/31/2022,1610612766,1610612751,
539,0022200540,12/31/2022,1610612741,1610612739,
540,0022200541,12/31/2022,1610612745,1610612752,
541,0022200542,12/31/2022,1610612759,1610612742,
542,0022200543,12/31/2022,1610612763,1610612740,
543,0022200544,12/31/2022,1610612750,1610612765,
544,0022200545,12/31/2022,1610612760,1610612755,
545,0022200546,12/31/2022,1610612762,1610612748,
546,0022200547,01/01/2023,1610612763,1610612758,
547,0022200548,01/01/2023,1610612749,1610612764,
548,0022200549,01/01/2023,1610612743,1610612738,
549,0022200550,01/02/2023,1610612752,1610612756,
550,0022200551,01/02/2023,1610612766,1610612747,
551,0022200552,01/02/2023,1610612739,1610612741,
552,0022200553,01/02/2023,1610612754,1610612761,
553,0022200554,01/02/2023,1610612755,1610612740,
554,0022200555,01/02/2023,1610612751,1610612759,
555,0022200556,01/02/2023,1610612745,1610612742,
556,0022200557,01/02/2023,1610612750,1610612743,
557,0022200558,01/02/2023,1610612744,1610612737,NBA TV
558,0022200559,01/02/2023,1610612757,1610612765,
559,0022200560,01/02/2023,1610612746,1610612748,
560,0022200561,01/03/2023,1610612749,1610612764,NBA TV
561,0022200562,01/03/2023,1610612760,1610612738,
562,0022200563,01/03/2023,1610612762,1610612758,
563,0022200564,01/04/2023,1610612766,1610612763,
564,0022200565,01/04/2023,1610612739,1610612756,
565,0022200566,01/04/2023,1610612753,1610612760,
566,0022200567,01/04/2023,1610612755,1610612754,
567,0022200568,01/04/2023,1610612752,1610612759,
568,0022200569,01/04/2023,1610612761,1610612749,ESPN
569,0022200570,01/04/2023,1610612741,1610612751,
570,0022200571,01/04/2023,1610612750,1610612757,
571,0022200572,01/04/2023,1610612740,1610612745,
572,0022200573,01/04/2023,1610612744,1610612765,
573,0022200574,01/04/2023,1610612747,1610612748,ESPN
574,0022200575,01/04/2023,1610612758,1610612737,
575,0022200576,01/05/2023,1610612753,1610612763,
576,0022200577,01/05/2023,1610612742,1610612738,TNT
577,0022200578,01/05/2023,1610612745,1610612762,
578,0022200579,01/05/2023,1610612743,1610612746,TNT
579,0022200580,01/06/2023,1610612754,1610612757,
580,0022200581,01/06/2023,1610612755,1610612741,
581,0022200582,01/06/2023,1610612761,1610612752,
582,0022200583,01/06/2023,1610612749,1610612766,
583,0022200584,01/06/2023,1610612760,1610612764,
584,0022200585,01/06/2023,1610612759,1610612765,
585,0022200586,01/06/2023,1610612740,1610612751,ESPN
586,0022200587,01/06/2023,1610612750,1610612746,
587,0022200588,01/06/2023,1610612743,1610612739,
588,0022200589,01/06/2023,1610612756,1610612748,ESPN
589,0022200590,01/06/2023,1610612747,1610612737,
590,0022200591,01/07/2023,1610612759,1610612738,
591,0022200592,01/07/2023,1610612741,1610612762,
592,0022200593,01/07/2023,1610612742,1610612740,
593,0022200594,01/07/2023,1610612744,1610612753,
594,0022200595,01/07/2023,1610612758,1610612747,
595,0022200596,01/08/2023,1610612765,1610612755,
596,0022200597,01/08/2023,1610612761,1610612757,
597,0022200598,01/08/2023,1610612754,1610612766,
598,0022200599,01/08/2023,1610612748,1610612751,
599,0022200600,01/08/2023,1610612763,1610612762,
600,0022200601,01/08/2023,1610612745,1610612750,
601,0022200602,01/08/2023,1610612760,1610612742,
602,0022200603,01/08/2023,1610612756,1610612739,
603,0022200604,01/08/2023,1610612746,1610612737,
604,0022200605,01/09/2023,1610612764,1610612740,
605,0022200606,01/09/2023,1610612738,1610612741,NBA TV
606,0022200607,01/09/2023,1610612752,1610612749,
607,0022200608,01/09/2023,1610612763,1610612759,
608,0022200609,01/09/2023,1610612743,1610612747,
609,0022200610,01/09/2023,1610612758,1610612753,
610,0022200611,01/10/2023,1610612748,1610612760,TNT
611,0022200612,01/10/2023,1610612755,1610612765,
612,0022200613,01/10/2023,1610612761,1610612766,
613,0022200614,01/10/2023,1610612762,1610612739,
614,0022200615,01/10/2023,1610612744,1610612756,TNT
615,0022200616,01/10/2023,1610612757,1610612753,
616,0022200617,01/10/2023,1610612746,1610612742,
617,0022200618,01/11/2023,1610612765,1610612750,
618,0022200619,01/11/2023,1610612764,1610612741,
619,0022200620,01/11/2023,1610612737,1610612749,ESPN
620,0022200621,01/11/2023,1610612738,1610612740,
621,0022200622,01/11/2023,1610612752,1610612754,
622,0022200623,01/11/2023,1610612763,1610612759,
623,0022200624,01/11/2023,1610612743,1610612756,ESPN
624,0022200625,01/11/2023,1610612758,1610612745,
625,0022200626,01/12/2023,1610612755,1610612760,
626,0022200627,01/12/2023,1610612751,1610612738,TNT
627,0022200628,01/12/2023,1610612748,1610612749,
628,0022200629,01/12/2023,1610612761,1610612766,
629,0022200630,01/12/2023,1610612747,1610612742,TNT
630,0022200631,01/12/2023,1610612757,1610612739,
631,0022200632,01/13/2023,1610612765,1610612740,
632,0022200633,01/13/2023,1610612754,1610612737,
633,0022200634,01/13/2023,1610612764,1610612752,
634,0022200635,01/13/2023,1610612759,1610612744,ESPN
635,0022200636,01/13/2023,1610612741,1610612760,
636,0022200637,01/13/2023,1610612750,1610612756,
637,0022200638,01/13/2023,1610612762,1610612753,
638,0022200639,01/13/2023,1610612746,1610612743,ESPN
639,0022200640,01/13/2023,1610612758,1610612745,
640,0022200641,01/14/2023,1610612748,1610612749,ABC
641,0022200642,01/14/2023,1610612766,1610612738,
642,0022200643,01/14/2023,1610612754,1610612763,
643,0022200644,01/14/2023,1610612761,1610612737,
644,0022200645,01/14/2023,1610612750,1610612739,
645,0022200646,01/14/2023,1610612762,1610612755,
646,0022200647,01/14/2023,1610612757,1610612742,
647,0022200648,01/15/2023,1610612765,1610612752,
648,0022200649,01/15/2023,1610612746,1610612745,
649,0022200650,01/15/2023,1610612741,1610612744,
650,0022200651,01/15/2023,1610612751,1610612760,
651,0022200652,01/15/2023,1610612759,1610612758,
652,0022200653,01/15/2023,1610612743,1610612753,
653,0022200654,01/15/2023,1610612757,1610612742,
654,0022200655,01/15/2023,1610612747,1610612755,NBA TV
655,0022200656,01/16/2023,1610612766,1610612738,NBA TV
656,0022200657,01/16/2023,1610612749,1610612754,
657,0022200658,01/16/2023,1610612739,1610612740,
658,0022200659,01/16/2023,1610612752,1610612761,
659,0022200660,01/16/2023,1610612764,1610612744,
660,0022200661,01/16/2023,1610612737,1610612748,TNT
661,0022200662,01/16/2023,1610612750,1610612762,
662,0022200663,01/16/2023,1610612763,1610612756,TNT
663,0022200664,01/16/2023,1610612747,1610612745,NBA TV
664,0022200665,01/17/2023,1610612749,1610612761,TNT
665,0022200666,01/17/2023,1610612759,1610612751,
666,0022200667,01/17/2023,1610612743,1610612757,
667,0022200668,01/17/2023,1610612746,1610612755,TNT
668,0022200669,01/18/2023,1610612752,1610612764,
669,0022200670,01/18/2023,1610612742,1610612737,ESPN
670,0022200671,01/18/2023,1610612745,1610612766,
671,0022200672,01/18/2023,1610612763,1610612739,
672,0022200673,01/18/2023,1610612740,1610612748,
673,0022200674,01/18/2023,1610612760,1610612754,
674,0022200675,01/18/2023,1610612762,1610612746,
675,0022200676,01/18/2023,1610612743,1610612750,ESPN
676,0022200677,01/18/2023,1610612747,1610612758,
677,0022200678,01/19/2023,1610612765,1610612741,NBA TV
678,0022200679,01/19/2023,1610612738,1610612744,TNT
679,0022200680,01/19/2023,1610612750,1610612761,
680,0022200681,01/19/2023,1610612756,1610612751,TNT
681,0022200682,01/19/2023,1610612757,1610612755,
682,0022200683,01/20/2023,1610612753,1610612740,
683,0022200684,01/20/2023,1610612737,1610612752,
684,0022200685,01/20/2023,1610612739,1610612744,
685,0022200686,01/20/2023,1610612742,1610612748,ESPN
686,0022200687,01/20/2023,1610612759,1610612746,
687,0022200688,01/20/2023,1610612743,1610612754,
688,0022200689,01/20/2023,1610612762,1610612751,
689,0022200690,01/20/2023,1610612747,1610612763,ESPN
690,0022200691,01/20/2023,1610612758,1610612760,
691,0022200692,01/21/2023,1610612761,1610612738,
692,0022200693,01/21/2023,1610612764,1610612753,
693,0022200694,01/21/2023,1610612737,1610612766,
694,0022200695,01/21/2023,1610612739,1610612749,
695,0022200696,01/21/2023,1610612750,1610612745,
696,0022200697,01/21/2023,1610612756,1610612754,
697,0022200698,01/21/2023,1610612758,1610612755,
698,0022200699,01/22/2023,1610612748,1610612740,
699,0022200700,01/22/2023,1610612761,1610612752,
700,0022200701,01/22/2023,1610612742,1610612746,
701,0022200702,01/22/2023,1610612743,1610612760,
702,0022200703,01/22/2023,1610612756,1610612763,
703,0022200704,01/22/2023,1610612744,1610612751,NBA TV
704,0022200705,01/22/2023,1610612757,1610612747,
705,0022200706,01/23/2023,1610612765,1610612749,
706,0022200707,01/23/2023,1610612753,1610612738,
707,0022200708,01/23/2023,1610612741,1610612737,NBA TV
708,0022200709,01/23/2023,1610612745,1610612750,
709,0022200710,01/23/2023,1610612762,1610612766,
710,0022200711,01/23/2023,1610612757,1610612759,
711,0022200712,01/23/2023,1610612758,1610612763,NBA TV
712,0022200713,01/24/2023,1610612754,1610612741,
713,0022200714,01/24/2023,1610612748,1610612738,TNT
714,0022200715,01/24/2023,1610612752,1610612739,
715,0022200716,01/24/2023,1610612740,1610612743,
716,0022200717,01/24/2023,1610612742,1610612764,
717,0022200718,01/24/2023,1610612756,1610612766,
718,0022200719,01/24/2023,1610612747,1610612746,TNT
719,0022200720,01/25/2023,1610612753,1610612754,
720,0022200721,01/25/2023,1610612755,1610612751,ESPN
721,0022200722,01/25/2023,1610612745,1610612764,
722,0022200723,01/25/2023,1610612749,1610612743,
723,0022200724,01/25/2023,1610612740,1610612750,
724,0022200725,01/25/2023,1610612760,1610612737,
725,0022200726,01/25/2023,1610612744,1610612763,ESPN
726,0022200727,01/25/2023,1610612757,1610612762,
727,0022200728,01/25/2023,1610612758,1610612761,
728,0022200729,01/25/2023,1610612747,1610612759,
729,0022200730,01/26/2023,1610612738,1610612752,TNT
730,0022200731,01/26/2023,1610612751,1610612765,
731,0022200732,01/26/2023,1610612766,1610612741,
732,0022200733,01/26/2023,1610612745,1610612739,
733,0022200734,01/26/2023,1610612756,1610612742,TNT
734,0022200735,01/26/2023,1610612746,1610612759,
735,0022200736,01/27/2023,1610612754,1610612749,
736,0022200737,01/27/2023,1610612750,1610612763,NBA TV
737,0022200738,01/27/2023,1610612748,1610612753,
738,0022200739,01/27/2023,1610612760,1610612739,
739,0022200740,01/27/2023,1610612744,1610612761,NBA TV
740,0022200741,01/28/2023,1610612755,1610612743,ABC
741,0022200742,01/28/2023,1610612751,1610612752,ABC
742,0022200743,01/28/2023,1610612765,1610612745,
743,0022200744,01/28/2023,1610612753,1610612741,
744,0022200745,01/28/2023,1610612737,1610612746,
745,0022200746,01/28/2023,1610612750,1610612758,
746,0022200747,01/28/2023,1610612740,1610612764,
747,0022200748,01/28/2023,1610612759,1610612756,
748,0022200749,01/28/2023,1610612738,1610612747,ABC
749,0022200750,01/28/2023,1610612762,1610612742,
750,0022200751,01/28/2023,1610612757,1610612761,
751,0022200752,01/29/2023,1610612766,1610612748,
752,0022200753,01/29/2023,1610612763,1610612754,
753,0022200754,01/29/2023,1610612739,1610612746,
754,0022200755,01/29/2023,1610612749,1610612740,NBA TV
755,0022200756,01/30/2023,1610612755,1610612753,
756,0022200757,01/30/2023,1610612751,1610612747,NBA TV
757,0022200758,01/30/2023,1610612750,1610612758,
758,0022200759,01/30/2023,1610612760,1610612744,
759,0022200760,01/30/2023,1610612759,1610612764,
760,0022200761,01/30/2023,1610612742,1610612765,
761,0022200762,01/30/2023,1610612756,1610612761,
762,0022200763,01/30/2023,1610612757,1610612737,NBA TV
763,0022200764,01/31/2023,1610612739,1610612748,
764,0022200765,01/31/2023,1610612752,1610612747,TNT
765,0022200766,01/31/2023,1610612741,1610612746,
766,0022200767,01/31/2023,1610612749,1610612766,
767,0022200768,01/31/2023,1610612743,1610612740,TNT
768,0022200769,03/07/2023,1610612765,1610612764,
769,0022200770,02/01/2023,1610612755,1610612753,
770,0022200771,02/01/2023,1610612763,1610612757,
771,0022200772,02/01/2023,1610612738,1610612751,ESPN
772,0022200773,02/01/2023,1610612745,1610612760,
773,0022200774,02/01/2023,1610612750,1610612744,
774,0022200775,02/01/2023,1610612759,1610612758,
775,0022200776,02/01/2023,1610612762,1610612761,
776,0022200777,02/01/2023,1610612756,1610612737,ESPN
777,0022200778,02/02/2023,1610612754,1610612747,
778,0022200779,02/02/2023,1610612739,1610612763,TNT
779,0022200780,02/02/2023,1610612752,1610612748,
780,0022200781,02/02/2023,1610612741,1610612766,
781,0022200782,02/02/2023,1610612742,1610612740,
782,0022200783,02/02/2023,1610612743,1610612744,
783,0022200784,02/02/2023,1610612749,1610612746,TNT
784,0022200785,02/03/2023,1610612765,1610612766,
785,0022200786,02/03/2023,1610612754,1610612758,
786,0022200787,02/03/2023,1610612764,1610612757,
787,0022200788,02/03/2023,1610612738,1610612756,NBA TV
788,0022200789,02/03/2023,1610612745,1610612761,
789,0022200790,02/03/2023,1610612750,1610612753,
790,0022200791,02/03/2023,1610612759,1610612755,
791,0022200792,02/03/2023,1610612762,1610612737,
792,0022200793,02/04/2023,1610612751,1610612764,
793,0022200794,02/04/2023,1610612765,1610612756,
794,0022200795,02/04/2023,1610612752,1610612746,
795,0022200796,02/04/2023,1610612741,1610612757,
796,0022200797,02/04/2023,1610612749,1610612748,
797,0022200798,02/04/2023,1610612740,1610612747,ESPN2
798,0022200799,02/04/2023,1610612760,1610612745,
799,0022200800,02/04/2023,1610612744,1610612742,ABC
800,0022200801,02/04/2023,1610612743,1610612737,
801,0022200802,02/05/2023,1610612766,1610612753,
802,0022200803,02/05/2023,1610612754,1610612739,
803,0022200804,02/05/2023,1610612752,1610612755,ESPN
804,0022200805,02/05/2023,1610612763,1610612761,
805,0022200806,02/05/2023,1610612750,1610612743,
806,0022200807,02/05/2023,1610612740,1610612758,
807,0022200808,02/06/2023,1610612765,1610612738,
808,0022200809,02/06/2023,1610612764,1610612739,
809,0022200810,02/06/2023,1610612751,1610612746,NBA TV
810,0022200811,02/06/2023,1610612741,1610612759,
811,0022200812,02/06/2023,1610612745,1610612758,
812,0022200813,02/06/2023,1610612762,1610612742,
813,0022200814,02/06/2023,1610612744,1610612760,
814,0022200815,02/06/2023,1610612757,1610612749,NBA TV
815,0022200816,02/07/2023,1610612753,1610612752,
816,0022200817,02/07/2023,1610612751,1610612756,TNT
817,0022200818,02/07/2023,1610612740,1610612737,
818,0022200819,02/07/2023,1610612763,1610612741,
819,0022200820,02/07/2023,1610612743,1610612750,
820,0022200821,02/07/2023,1610612747,1610612760,TNT
821,0022200822,02/08/2023,1610612739,1610612765,
822,0022200823,02/08/2023,1610612764,1610612766,
823,0022200824,02/08/2023,1610612738,1610612755,ESPN
824,0022200825,02/08/2023,1610612748,1610612754,
825,0022200826,02/08/2023,1610612761,1610612759,
826,0022200827,02/08/2023,1610612745,1610612758,
827,0022200828,02/08/2023,1610612762,1610612750,
828,0022200829,02/08/2023,1610612746,1610612742,ESPN
829,0022200830,02/08/2023,1610612757,1610612744,
830,0022200831,02/09/2023,1610612753,1610612743,
831,0022200832,02/09/2023,1610612737,1610612756,
832,0022200833,02/09/2023,1610612751,1610612741,TNT
833,0022200834,02/09/2023,1610612747,1610612749,TNT
834,0022200835,02/10/2023,1610612765,1610612759,
835,0022200836,02/10/2023,1610612754,1610612756,
836,0022200837,02/10/2023,1610612755,1610612752,
837,0022200838,02/10/2023,1610612738,1610612766,ESPN
838,0022200839,02/10/2023,1610612761,1610612762,
839,0022200840,02/10/2023,1610612748,1610612745,
840,0022200841,02/10/2023,1610612763,1610612750,
841,0022200842,02/10/2023,1610612740,1610612739,ESPN
842,0022200843,02/10/2023,1610612757,1610612760,
843,0022200844,02/10/2023,1610612758,1610612742,
844,0022200845,02/10/2023,1610612746,1610612749,
845,0022200846,02/11/2023,1610612751,1610612755,NBA TV
846,0022200847,02/11/2023,1610612766,1610612743,
847,0022200848,02/11/2023,1610612753,1610612748,
848,0022200849,02/11/2023,1610612764,1610612754,
849,0022200850,02/11/2023,1610612737,1610612759,
850,0022200851,02/11/2023,1610612752,1610612762,
851,0022200852,02/11/2023,1610612739,1610612741,
852,0022200853,02/11/2023,1610612744,1610612747,ABC
853,0022200854,02/11/2023,1610612758,1610612742,
854,0022200855,02/12/2023,1610612738,1610612763,ABC
855,0022200856,02/12/2023,1610612761,1610612765,
856,0022200857,02/13/2023,1610612766,1610612737,
857,0022200858,02/13/2023,1610612739,1610612759,
858,0022200859,02/13/2023,1610612754,1610612762,
859,0022200860,02/13/2023,1610612755,1610612745,
860,0022200861,02/13/2023,1610612748,1610612743,NBA TV
861,0022200862,02/13/2023,1610612752,1610612751,
862,0022200863,02/13/2023,1610612741,1610612753,
863,0022200864,02/13/2023,1610612760,1610612740,
864,0022200865,02/13/2023,1610612742,1610612750,
865,0022200866,02/13/2023,1610612744,1610612764,
866,0022200867,02/13/2023,1610612757,1610612747,
867,0022200868,02/14/2023,1610612761,1610612753,
868,0022200869,02/14/2023,1610612749,1610612738,TNT
869,0022200870,02/14/2023,1610612756,1610612758,
870,0022200871,02/14/2023,1610612746,1610612744,TNT
871,0022200872,02/14/2023,1610612757,1610612764,
872,0022200873,02/15/2023,1610612766,1610612759,
873,0022200874,02/15/2023,1610612754,1610612741,
874,0022200875,02/15/2023,1610612755,1610612739,ESPN
875,0022200876,02/15/2023,1610612737,1610612752,
876,0022200877,02/15/2023,1610612738,1610612765,
877,0022200878,02/15/2023,1610612751,1610612748,
878,0022200879,02/15/2023,1610612763,1610612762,
879,0022200880,02/15/2023,1610612760,1610612745,
880,0022200881,02/15/2023,1610612743,1610612742,
881,0022200882,02/15/2023,1610612747,1610612740,ESPN
882,0022200883,02/16/2023,1610612741,1610612749,TNT
883,0022200884,02/16/2023,1610612750,1610612764,
884,0022200885,02/16/2023,1610612756,1610612746,TNT
885,0022200886,02/23/2023,1610612739,1610612743,
886,0022200887,02/23/2023,1610612754,1610612738,
887,0022200888,02/23/2023,1610612753,1610612765,
888,0022200889,02/23/2023,1610612755,1610612763,TNT
889,0022200890,02/23/2023,1610612761,1610612740,
890,0022200891,02/23/2023,1610612742,1610612759,
891,0022200892,02/23/2023,1610612762,1610612760,
892,0022200893,02/23/2023,1610612747,1610612744,TNT
893,0022200894,02/23/2023,1610612758,1610612757,
894,0022200895,02/24/2023,1610612764,1610612752,
895,0022200896,02/24/2023,1610612737,1610612739,
896,0022200897,02/24/2023,1610612749,1610612748,ESPN
897,0022200898,02/24/2023,1610612750,1610612766,
898,0022200899,02/24/2023,1610612756,1610612760,ESPN
899,0022200900,02/24/2023,1610612741,1610612751,
900,0022200901,02/24/2023,1610612744,1610612745,
901,0022200902,02/24/2023,1610612746,1610612758,
902,0022200903,02/25/2023,1610612765,1610612761,
903,0022200904,02/25/2023,1610612766,1610612748,
904,0022200905,02/25/2023,1610612753,1610612754,
905,0022200906,02/25/2023,1610612752,1610612740,
906,0022200907,02/25/2023,1610612763,1610612743,
907,0022200908,02/25/2023,1610612755,1610612738,ABC
908,0022200909,02/25/2023,1610612762,1610612759,
909,0022200910,02/26/2023,1610612749,1610612756,ABC
910,0022200911,02/26/2023,1610612737,1610612751,
911,0022200912,02/26/2023,1610612741,1610612764,
912,0022200913,02/26/2023,1610612742,1610612747,ABC
913,0022200914,02/26/2023,1610612739,1610612761,
914,0022200915,02/26/2023,1610612760,1610612758,
915,0022200916,02/26/2023,1610612744,1610612750,ESPN
916,0022200917,02/26/2023,1610612757,1610612745,
917,0022200918,02/26/2023,1610612743,1610612746,ESPN
918,0022200919,02/27/2023,1610612766,1610612765,
919,0022200920,02/27/2023,1610612755,1610612748,NBA TV
920,0022200921,02/27/2023,1610612752,1610612738,
921,0022200922,02/27/2023,1610612740,1610612753,
922,0022200923,02/28/2023,1610612737,1610612764,
923,0022200924,02/28/2023,1610612751,1610612749,
924,0022200925,02/28/2023,1610612761,1610612741,
925,0022200926,02/28/2023,1610612745,1610612743,
926,0022200927,02/28/2023,1610612763,1610612747,TNT
927,0022200928,02/28/2023,1610612760,1610612758,
928,0022200929,02/28/2023,1610612742,1610612754,
929,0022200930,02/28/2023,1610612762,1610612759,
930,0022200931,02/28/2023,1610612744,1610612757,
931,0022200932,02/28/2023,1610612746,1610612750,TNT
932,0022200933,03/01/2023,1610612766,1610612756,
933,0022200934,03/01/2023,1610612765,1610612741,
934,0022200935,03/01/2023,1610612738,1610612739,ESPN
935,0022200936,03/01/2023,1610612748,1610612755,
936,0022200937,03/01/2023,1610612752,1610612751,
937,0022200938,03/01/2023,1610612745,1610612763,
938,0022200939,03/01/2023,1610612749,1610612753,
939,0022200940,03/01/2023,1610612760,1610612747,
940,0022200941,03/01/2023,1610612757,1610612740,ESPN
941,0022200942,03/02/2023,1610612764,1610612761,
942,0022200943,03/02/2023,1610612742,1610612755,TNT
943,0022200944,03/02/2023,1610612759,1610612754,
944,0022200945,03/02/2023,1610612744,1610612746,TNT
945,0022200946,03/03/2023,1610612766,1610612753,
946,0022200947,03/03/2023,1610612737,1610612757,
947,0022200948,03/03/2023,1610612738,1610612751,ESPN
948,0022200949,03/03/2023,1610612748,1610612752,
949,0022200950,03/03/2023,1610612741,1610612756,
950,0022200951,03/03/2023,1610612760,1610612762,
951,0022200952,03/03/2023,1610612743,1610612763,ESPN
952,0022200953,03/03/2023,1610612744,1610612740,
953,0022200954,03/03/2023,1610612758,1610612746,
954,0022200955,03/03/2023,1610612747,1610612750,
955,0022200956,03/04/2023,1610612764,1610612761,
956,0022200957,03/04/2023,1610612739,1610612765,
957,0022200958,03/04/2023,1610612748,1610612737,
958,0022200959,03/04/2023,1610612759,1610612745,
959,0022200960,03/04/2023,1610612749,1610612755,ABC
960,0022200961,03/04/2023,1610612758,1610612750,
961,0022200962,03/05/2023,1610612742,1610612756,ABC
962,0022200963,03/05/2023,1610612741,1610612754,
963,0022200964,03/05/2023,1610612747,1610612744,ABC
964,0022200965,03/05/2023,1610612751,1610612766,
965,0022200966,03/05/2023,1610612753,1610612757,
966,0022200967,03/05/2023,1610612745,1610612759,
967,0022200968,03/05/2023,1610612760,1610612762,
968,0022200969,03/05/2023,1610612738,1610612752,ESPN
969,0022200970,03/05/2023,1610612746,1610612763,ESPN
970,0022200971,03/06/2023,1610612739,1610612738,
971,0022200972,03/06/2023,1610612754,1610612755,
972,0022200973,03/05/2023,1610612764,1610612749,
973,0022200974,03/06/2023,1610612748,1610612737,NBA TV
974,0022200975,03/06/2023,1610612743,1610612761,
975,0022200976,03/06/2023,1610612758,1610612740,NBA TV
976,0022200977,03/06/2023,1610612765,1610612757,
977,0022200978,03/07/2023,1610612753,1610612749,
978,0022200979,03/07/2023,1610612752,1610612766,
979,0022200980,03/07/2023,1610612750,1610612755,TNT
980,0022200981,03/07/2023,1610612745,1610612751,
981,0022200982,03/07/2023,1610612760,1610612744,
982,0022200983,03/07/2023,1610612742,1610612762,
983,0022200984,03/07/2023,1610612747,1610612763,TNT
984,0022200985,03/08/2023,1610612764,1610612737,
985,0022200986,03/08/2023,1610612738,1610612757,
986,0022200987,03/08/2023,1610612748,1610612739,
987,0022200988,03/08/2023,1610612740,1610612742,ESPN
988,0022200989,03/08/2023,1610612743,1610612741,
989,0022200990,03/08/2023,1610612756,1610612760,
990,0022200991,03/08/2023,1610612746,1610612761,ESPN
991,0022200992,03/09/2023,1610612765,1610612766,
992,0022200993,03/09/2023,1610612754,1610612745,
993,0022200994,03/09/2023,1610612753,1610612762,
994,0022200995,03/09/2023,1610612749,1610612751,
995,0022200996,03/09/2023,1610612763,1610612744,TNT
996,0022200997,03/09/2023,1610612758,1610612752,TNT
997,0022200998,03/10/2023,1610612755,1610612757,
998,0022200999,03/10/2023,1610612764,1610612737,
999,0022201000,03/10/2023,1610612748,1610612739,NBA TV
1000,0022201001,03/10/2023,1610612750,1610612751,
1001,0022201002,03/10/2023,1610612759,1610612743,
1002,0022201003,03/10/2023,1610612747,1610612761,NBA TV
1003,0022201004,03/11/2023,1610612746,1610612752,
1004,0022201005,03/11/2023,1610612766,1610612762,
1005,0022201006,03/11/2023,1610612765,1610612754,
1006,0022201007,03/11/2023,1610612753,1610612748,
1007,0022201008,03/11/2023,1610612737,1610612738,
1008,0022201009,03/11/2023,1610612745,1610612741,
1009,0022201010,03/11/2023,1610612763,1610612742,
1010,0022201011,03/11/2023,1610612740,1610612760,
1011,0022201012,03/11/2023,1610612744,1610612749,ABC
1012,0022201013,03/11/2023,1610612756,1610612758,
1013,0022201014,03/12/2023,1610612743,1610612751,
1014,0022201015,03/12/2023,1610612766,1610612739,
1015,0022201016,03/12/2023,1610612755,1610612764,
1016,0022201017,03/12/2023,1610612740,1610612757,
1017,0022201018,03/12/2023,1610612759,1610612760,
1018,0022201019,03/12/2023,1610612747,1610612752,ESPN
1019,0022201020,03/13/2023,1610612765,1610612754,
1020,0022201021,03/13/2023,1610612737,1610612750,
1021,0022201022,03/13/2023,1610612748,1610612762,
1022,0022201023,03/13/2023,1610612742,1610612763,ESPN
1023,0022201024,03/13/2023,1610612745,1610612738,
1024,0022201025,03/13/2023,1610612744,1610612756,ESPN
1025,0022201026,03/13/2023,1610612758,1610612749,
1026,0022201027,03/14/2023,1610612766,1610612739,
1027,0022201028,03/14/2023,1610612764,1610612765,
1028,0022201029,03/14/2023,1610612761,1610612743,NBA TV
1029,0022201030,03/14/2023,1610612740,1610612747,
1030,0022201031,03/14/2023,1610612760,1610612751,
1031,0022201032,03/14/2023,1610612759,1610612753,
1032,0022201033,03/14/2023,1610612756,1610612749,NBA TV
1033,0022201034,03/14/2023,1610612757,1610612752,
1034,0022201035,03/15/2023,1610612739,1610612755,ESPN
1035,0022201036,03/15/2023,1610612748,1610612763,
1036,0022201037,03/15/2023,1610612741,1610612758,
1037,0022201038,03/15/2023,1610612745,1610612747,
1038,0022201039,03/15/2023,1610612750,1610612738,
1039,0022201040,03/15/2023,1610612759,1610612742,
1040,0022201041,03/15/2023,1610612746,1610612744,ESPN
1041,0022201042,03/16/2023,1610612765,1610612743,
1042,0022201043,03/16/2023,1610612751,1610612758,
1043,0022201044,03/16/2023,1610612761,1610612760,
1044,0022201045,03/16/2023,1610612749,1610612754,
1045,0022201046,03/16/2023,1610612756,1610612753,NBA TV
1046,0022201047,03/17/2023,1610612766,1610612755,
1047,0022201048,03/17/2023,1610612737,1610612744,NBA TV
1048,0022201049,03/17/2023,1610612739,1610612764,
1049,0022201050,03/17/2023,1610612741,1610612750,
1050,0022201051,03/17/2023,1610612745,1610612740,
1051,0022201052,03/17/2023,1610612759,1610612763,
1052,0022201053,03/17/2023,1610612757,1610612738,
1053,0022201054,03/17/2023,1610612747,1610612742,NBA TV
1054,0022201055,03/18/2023,1610612752,1610612743,
1055,0022201056,03/18/2023,1610612746,1610612753,
1056,0022201057,03/18/2023,1610612754,1610612755,
1057,0022201058,03/18/2023,1610612761,1610612750,
1058,0022201059,03/18/2023,1610612764,1610612758,
1059,0022201060,03/18/2023,1610612741,1610612748,
1060,0022201061,03/18/2023,1610612763,1610612744,NBA TV
1061,0022201062,03/18/2023,1610612762,1610612738,
1062,0022201063,03/19/2023,1610612751,1610612743,
1063,0022201064,03/19/2023,1610612760,1610612756,
1064,0022201065,03/19/2023,1610612759,1610612737,
1065,0022201066,03/19/2023,1610612765,1610612748,
1066,0022201067,03/19/2023,1610612745,1610612740,
1067,0022201068,03/19/2023,1610612749,1610612761,NBA TV
1068,0022201069,03/19/2023,1610612757,1610612746,
1069,0022201070,03/19/2023,1610612747,1610612753,
1070,0022201071,03/20/2023,1610612766,1610612754,
1071,0022201072,03/20/2023,1610612755,1610612741,
1072,0022201073,03/20/2023,1610612752,1610612750,
1073,0022201074,03/20/2023,1610612745,1610612744,
1074,0022201075,03/20/2023,1610612763,1610612742,NBA TV
1075,0022201076,03/20/2023,1610612762,1610612758,
1076,0022201077,03/21/2023,1610612753,1610612764,
1077,0022201078,03/21/2023,1610612737,1610612765,
1078,0022201079,03/21/2023,1610612751,1610612739,NBA TV
1079,0022201080,03/21/2023,1610612740,1610612759,
1080,0022201081,03/21/2023,1610612758,1610612738,NBA TV
1081,0022201082,03/21/2023,1610612746,1610612760,
1082,0022201083,03/22/2023,1610612764,1610612743,
1083,0022201084,03/22/2023,1610612748,1610612752,
1084,0022201085,03/22/2023,1610612761,1610612754,
1085,0022201086,03/22/2023,1610612742,1610612744,ESPN
1086,0022201087,03/22/2023,1610612741,1610612755,
1087,0022201088,03/22/2023,1610612763,1610612745,
1088,0022201089,03/22/2023,1610612749,1610612759,
1089,0022201090,03/22/2023,1610612750,1610612737,
1090,0022201091,03/22/2023,1610612762,1610612757,
1091,0022201092,03/22/2023,1610612747,1610612756,ESPN
1092,0022201093,03/23/2023,1610612753,1610612752,NBA TV
1093,0022201094,03/23/2023,1610612751,1610612739,
1094,0022201095,03/23/2023,1610612740,1610612766,
1095,0022201096,03/23/2023,1610612746,1610612760,NBA TV
1096,0022201097,03/24/2023,1610612738,1610612754,NBA TV
1097,0022201098,03/24/2023,1610612764,1610612759,
1098,0022201099,03/24/2023,1610612761,1610612765,
1099,0022201100,03/24/2023,1610612763,1610612745,
1100,0022201101,03/24/2023,1610612742,1610612766,
1101,0022201102,03/24/2023,1610612762,1610612749,
1102,0022201103,03/24/2023,1610612744,1610612755,NBA TV
1103,0022201104,03/24/2023,1610612757,1610612741,
1104,0022201105,03/24/2023,1610612758,1610612756,
1105,0022201106,03/24/2023,1610612747,1610612760,
1106,0022201107,03/25/2023,1610612737,1610612754,
1107,0022201108,03/25/2023,1610612748,1610612751,
1108,0022201109,03/25/2023,1610612743,1610612749,NBA TV
1109,0022201110,03/25/2023,1610612756,1610612755,
1110,0022201111,03/25/2023,1610612758,1610612762,
1111,0022201112,03/25/2023,1610612746,1610612740,
1112,0022201113,03/26/2023,1610612766,1610612742,
1113,0022201114,03/26/2023,1610612747,1610612741,
1114,0022201115,03/26/2023,1610612737,1610612763,NBA TV
1115,0022201116,03/26/2023,1610612738,1610612759,
1116,0022201117,03/26/2023,1610612739,1610612745,
1117,0022201118,03/26/2023,1610612753,1610612751,
1118,0022201119,03/26/2023,1610612761,1610612764,
1119,0022201120,03/26/2023,1610612757,1610612760,
1120,0022201121,03/26/2023,1610612744,1610612750,NBA TV
1121,0022201122,03/27/2023,1610612765,1610612749,
1122,0022201123,03/27/2023,1610612754,1610612742,NBA TV
1123,0022201124,03/27/2023,1610612752,1610612745,
1124,0022201125,03/27/2023,1610612762,1610612756,
1125,0022201126,03/27/2023,1610612743,1610612755,NBA TV
1126,0022201127,03/27/2023,1610612757,1610612740,
1127,0022201128,03/27/2023,1610612758,1610612750,
1128,0022201129,03/27/2023,1610612746,1610612741,
1129,0022201130,03/28/2023,1610612764,1610612738,
1130,0022201131,03/28/2023,1610612737,1610612739,
1131,0022201132,03/28/2023,1610612761,1610612748,TNT
1132,0022201133,03/28/2023,1610612763,1610612753,
1133,0022201134,03/28/2023,1610612760,1610612766,
1134,0022201135,03/28/2023,1610612744,1610612740,TNT
1135,0022201136,03/29/2023,1610612754,1610612749,
1136,0022201137,03/29/2023,1610612751,1610612745,
1137,0022201138,03/29/2023,1610612752,1610612748,
1138,0022201139,03/29/2023,1610612755,1610612742,ESPN
1139,0022201140,03/29/2023,1610612741,1610612747,
1140,0022201141,03/29/2023,1610612763,1610612746,
1141,0022201142,03/29/2023,1610612760,1610612765,
1142,0022201143,03/29/2023,1610612759,1610612762,
1143,0022201144,03/29/2023,1610612756,1610612750,ESPN
1144,0022201145,03/29/2023,1610612757,1610612758,
1145,0022201146,03/30/2023,1610612749,1610612738,TNT
1146,0022201147,03/30/2023,1610612743,1610612740,TNT
1147,0022201148,03/31/2023,1610612766,1610612741,
1148,0022201149,03/31/2023,1610612754,1610612760,
1149,0022201150,03/31/2023,1610612755,1610612761,
1150,0022201151,03/31/2023,1610612764,1610612753,
1151,0022201152,03/31/2023,1610612738,1610612762,
1152,0022201153,03/31/2023,1610612751,1610612737,
1153,0022201154,03/31/2023,1610612739,1610612752,
1154,0022201155,03/31/2023,1610612745,1610612765,
1155,0022201156,03/31/2023,1610612763,1610612746,
1156,0022201157,03/31/2023,1610612750,1610612747,NBA TV
1157,0022201158,03/31/2023,1610612744,1610612759,
1158,0022201159,03/31/2023,1610612757,1610612758,
1159,0022201160,03/31/2023,1610612756,1610612743,NBA TV
1160,0022201161,04/01/2023,1610612748,1610612742,NBA TV
1161,0022201162,04/01/2023,1610612740,1610612746,
1162,0022201163,04/02/2023,1610612766,1610612761,
1163,0022201164,04/02/2023,1610612751,1610612762,
1164,0022201165,04/02/2023,1610612741,1610612763,
1165,0022201166,04/02/2023,1610612750,1610612757,
1166,0022201167,04/02/2023,1610612737,1610612742,NBA TV
1167,0022201168,04/02/2023,1610612752,1610612764,
1168,0022201169,04/02/2023,1610612753,1610612765,
1169,0022201170,04/02/2023,1610612758,1610612759,
1170,0022201171,04/02/2023,1610612745,1610612747,
1171,0022201172,04/02/2023,1610612760,1610612756,
1172,0022201173,04/02/2023,1610612739,1610612754,
1173,0022201174,04/02/2023,1610612749,1610612755,
1174,0022201175,04/02/2023,1610612743,1610612744,NBA TV
1175,0022201176,04/04/2023,1610612766,1610612761,
1176,0022201177,04/04/2023,1610612765,1610612748,
1177,0022201178,04/04/2023,1610612753,1610612739,
1178,0022201179,04/04/2023,1610612764,1610612749,
1179,0022201180,04/04/2023,1610612751,1610612750,
1180,0022201181,04/04/2023,1610612755,1610612738,TNT
1181,0022201182,04/04/2023,1610612741,1610612737,
1182,0022201183,04/04/2023,1610612745,1610612743,
1183,0022201184,04/04/2023,1610612763,1610612757,
1184,0022201185,04/04/2023,1610612740,1610612758,
1185,0022201186,04/04/2023,1610612762,1610612747,
1186,0022201187,04/04/2023,1610612744,1610612760,
1187,0022201188,04/04/2023,1610612756,1610612759,
1188,0022201189,04/05/2023,1610612765,1610612751,
1189,0022201190,04/05/2023,1610612754,1610612752,
1190,0022201191,04/05/2023,1610612737,1610612764,
1191,0022201192,04/05/2023,1610612738,1610612761,
1192,0022201193,04/05/2023,1610612749,1610612741,ESPN
1193,0022201194,04/05/2023,1610612740,1610612763,
1194,0022201195,04/05/2023,1610612742,1610612758,
1195,0022201196,04/05/2023,1610612746,1610612747,ESPN
1196,0022201197,04/06/2023,1610612753,1610612739,
1197,0022201198,04/06/2023,1610612755,1610612748,TNT
1198,0022201199,04/06/2023,1610612759,1610612757,
1199,0022201200,04/06/2023,1610612762,1610612760,
1200,0022201201,04/06/2023,1610612756,1610612743,TNT
1201,0022201202,04/07/2023,1610612766,1610612745,
1202,0022201203,04/07/2023,1610612754,1610612765,
1203,0022201204,04/07/2023,1610612764,1610612748,
1204,0022201205,04/07/2023,1610612737,1610612755,
1205,0022201206,04/07/2023,1610612738,1610612761,
1206,0022201207,04/07/2023,1610612751,1610612753,
1207,0022201208,04/07/2023,1610612749,1610612763,NBA TV
1208,0022201209,04/07/2023,1610612740,1610612752,
1209,0022201210,04/07/2023,1610612742,1610612741,
1210,0022201211,04/07/2023,1610612758,1610612744,
1211,0022201212,04/07/2023,1610612747,1610612756,NBA TV
1212,0022201213,04/08/2023,1610612762,1610612743,
1213,0022201214,04/08/2023,1610612759,1610612750,
1214,0022201215,04/08/2023,1610612746,1610612757,
1215,0022201216,04/09/2023,1610612738,1610612737,ESPN
1216,0022201217,04/09/2023,1610612751,1610612755,
1217,0022201218,04/09/2023,1610612739,1610612766,
1218,0022201219,04/09/2023,1610612748,1610612753,
1219,0022201220,04/09/2023,1610612752,1610612754,
1220,0022201221,04/09/2023,1610612761,1610612749,
1221,0022201222,04/09/2023,1610612764,1610612745,
1222,0022201223,04/09/2023,1610612741,1610612765,
1223,0022201224,04/09/2023,1610612742,1610612759,
1224,0022201225,04/09/2023,1610612750,1610612740,
1225,0022201226,04/09/2023,1610612760,1610612763,
1226,0022201227,04/09/2023,1610612743,1610612758,
1227,0022201228,04/09/2023,1610612747,1610612762,ESPN
1228,0022201229,04/09/2023,1610612756,1610612746,
1229,0022201230,04/09/2023,1610612757,1610612744,
